deploymentID,locationID,locationName,latitude,longitude,coordinateUncertainty,deploymentStart,deploymentEnd,setupBy,cameraID,cameraModel,cameraDelay,cameraHeight,cameraDepth,cameraTilt,cameraHeading,detectionDistance,timestampIssues,baitUse,featureType,habitat,deploymentGroups,deploymentTags,deploymentComments
000372be-27ab-42a2-99fa-9665adb7c3cd,4b204aa4-5311-4e07-9431-5389b83155e6,OH 1_4,-37.966774,177.026849,,2024-01-10T13:37:39+00:00,2024-01-31T12:07:01+00:00,Thomas Armstrong,,,300,0.60,,,,0.80,,,,,Summer,,
00623679-4568-4b21-9f74-bee5014b2aee,379e46d6-1b86-4de9-9760-0eea9c0513f7,OH 3_3,-37.980803,177.022395,,2024-01-10T10:50:00+00:00,2024-01-31T09:43:05+00:00,Hilary Sheaff,,,300,,,,,,,,,,Summer,,Custom EXIF image added to record correct start date
01939d6d-e795-4d0f-8872-660f9778bf1e,905ba210-58da-4d25-b396-3e19060a0e2a,MK 1_2,-37.971503,177.004897,,2025-11-14T10:47:16+00:00,2025-12-05T09:34:48+00:00,Gaye Payze,,,300,,,,,,,,,,Spring,,
022e6be7-516f-4112-9641-e2f14561dc61,4b204aa4-5311-4e07-9431-5389b83155e6,OH 1_4,-37.966774,177.026849,,2026-02-11T15:55:04+00:00,2026-03-04T13:24:04+00:00,Gaye Payze,,,300,,,,,,,,,,Summer,,
026dfbce-d735-469c-a22c-0a61a4a57bc9,4a1c9790-6e39-45d0-ba61-f0e06f84fadb,KP 3_1,-37.956977,177.002874,,2024-11-01T10:14:54+00:00,2024-11-22T09:08:18+00:00,Blair George,,,300,,,,,,,,,,Spring,,
02e1723f-883c-4e32-81ef-e7da04a108b0,a215b773-2c07-4478-81a8-a589068e6ee3,KP 3_2,-37.955428,177.003573,,2023-11-09T13:22:33+00:00,2023-11-30T11:07:36+00:00,Blair George,,,300,,,,225,,,,,,Spring,,
037d7d9e-ae96-499c-b778-bead27f5f342,35de4b96-3b8f-4f10-80a2-364abb400a2d,KP 3_4,-37.952023,177.005176,,2024-02-02T10:11:25+00:00,2024-02-23T14:26:55+00:00,Blair George,,,300,,,,,,,,,,Summer,,
03b5a9e4-374c-4358-bb64-f93f31e1deda,7d690824-4ff9-4b14-884b-23a0f44bee73,OH 1_1,-37.971868,177.024126,,2025-01-08T09:27:05+00:00,2025-01-29T13:01:10+00:00,Hilary Sheaff,,,300,,,,180,,,,,,Summer,S,
04898cf1-4d2c-47a8-ad85-00d612c00b3f,ace80f19-800c-4846-8e9f-15908d9e3f7e,KP 1_4,-37.94456,177.013575,,2024-02-02T09:45:52+00:00,2024-02-23T09:27:15+00:00,Thomas Armstrong,,,300,,,,,,,,,,Summer,,
04aa599d-6c09-4d10-8e85-d046bcef75d8,c25c0812-6839-4362-babb-bd3fa80894f7,OH 2_1,-37.981091,177.038284,,2026-02-11T10:19:55+00:00,2026-03-04T09:54:49+00:00,Blair George,,,300,,,,,,,,,,Summer,,
059ef6d9-5dda-4a5f-997b-eb8cf8d628a8,ecb9b699-88fd-4147-ac3a-602231586416,OH 4_4,-37.990332,177.024976,,2025-01-08T10:46:42+00:00,2025-01-29T11:25:07+00:00,Thomas Armstrong,,,300,,,,180,,,,,,Summer,S,
05da37c0-eb69-4796-9735-5ff7a2aaf3ce,d210cffd-6dfa-488f-bcac-e3de2318bebf,KP 1_2,-37.946838,177.017151,,2024-11-01T11:05:42+00:00,2024-11-22T09:56:10+00:00,Thomas Armstrong,,,300,,,,,,,,,,Spring,,
05ef945c-e69d-4d5d-9c36-44a8e8ce7885,33aa3368-09d1-4f75-964f-25087908ab3c,OH 3_1,-37.980652,177.01783,,2024-07-10T10:00:00+00:00,2024-07-31T09:34:35+00:00,Hilary Sheaff,,,300,,,,,,,,,,Winter,,Rob
07267025-7ab1-40ed-953d-bc7559587ca6,ace80f19-800c-4846-8e9f-15908d9e3f7e,KP 1_4,-37.94456,177.013575,,2024-05-03T11:24:16+00:00,2024-05-24T09:54:27+00:00,Thomas Armstrong,,,300,,,,,,,,,,Autumn,,
087534c2-5632-4ab8-9a10-8328c45be26c,fe1cdff2-b824-4a9a-a7f3-241ea15479db,MK 2_1,-37.98268,177.002688,,2024-11-01T11:30:00+00:00,2024-11-22T10:23:06+00:00,,,,300,,,,,,,,,,Spring,,
09089b1d-91ad-49ef-905e-961e168a8fd1,833f6af4-2167-4d68-8f74-b21082ef993c,KP 1_1,-37.947987,177.018887,,2025-11-14T11:18:40+00:00,2025-12-05T10:52:24+00:00,Thomas Armstrong,,,300,,,,,,,,,,Spring,,
0950fd1e-65de-4ecc-9a77-cd3ab01d2788,59ccc7f7-521a-43c5-8269-b5c6db7fea31,KP 1_3,-37.945686,177.015393,,2025-01-31T11:14:58+00:00,2025-02-21T09:48:37+00:00,Thomas Armstrong,,,300,,,,,,,,,,Summer,,
0a8253d3-8d32-4f4e-8ad5-4fe0feb0c114,35de4b96-3b8f-4f10-80a2-364abb400a2d,KP 3_4,-37.952023,177.005176,,2026-02-12T10:34:07+00:00,2026-03-05T12:33:38+00:00,Blair George,,,300,,,,,,,,,,Summer,,"Possibly missing retrieval image? Uncertain, did not create a placeholder."
0c3b3845-6eff-4914-8937-55224b2e4095,e27f7e48-261a-4890-9d2b-12bbde60c42e,OH 2_4,-37.976528,177.034364,,2024-07-10T11:28:17+00:00,2024-07-31T09:56:12+00:00,Blair George,,,300,,,,,,,,,,Winter,,
0d5edc17-fa1f-4f23-a9b0-1eefe74f45eb,78346ada-7952-46a4-b54f-08ecdde63ccd,MK 2_3,-37.980599,176.999049,,2023-11-09T10:02:14+00:00,2023-11-30T09:09:00+00:00,Hilary Sheaff,,,300,0.60,,20,180,0.90,,,,,Spring,,
0d7e3e2b-9513-4b15-94fb-bdc42b262114,c25c0812-6839-4362-babb-bd3fa80894f7,OH 2_1,-37.981091,177.038284,,2024-10-09T12:03:40+00:00,2024-10-30T11:25:22+00:00,Blair George,53fc4662-e645-486b-8164-0b01e44b7f50,Browning-BTC-5PXD,300,,,,,,,,,,Spring,,
0d84a839-6aef-4fb6-9b55-02a7c622466b,78346ada-7952-46a4-b54f-08ecdde63ccd,MK 2_3,-37.980599,176.999049,,2025-08-15T09:46:12+00:00,2025-09-05T08:38:58+00:00,Gaye Payze,,,300,,,,,,,false,,,Winter,,Alison
0de23999-44c4-4b2a-be1f-6f36dbc15930,aac31d23-c4e7-4114-ac4c-921562eff810,KP 3_3,-37.953579,177.004296,,2025-08-15T09:42:24+00:00,2025-09-05T11:10:33+00:00,Blair George,,,300,,,,,,,,,,Winter,,
0e29c0af-902e-412d-a0e2-2e8760660108,bd0529eb-3148-4c46-8f9e-da68ffc2fd2e,MK 2_4,-37.979682,176.997475,,2025-11-14T07:52:00+00:00,2025-12-05T07:51:10+00:00,Gaye Payze,,,300,,,,,,,,,,Spring,,Alison
0e3e888a-31d9-4542-be1b-6c82b787ad4c,1fc9962b-1239-4484-991b-ce7eea04c459,OH 3_2,-37.980795,177.019702,,2025-05-01T10:35:00+00:00,2025-05-22T10:49:30+00:00,Blair George,,,300,,,,,,,,,,Autumn,,Alison deployed
0f2e4160-f5fc-4e9f-8517-90db81aafc3d,33aa3368-09d1-4f75-964f-25087908ab3c,OH 3_1,-37.980652,177.01783,,2025-08-14T09:50:17+00:00,2025-09-04T08:27:01+00:00,Gaye Payze,,,300,,,,,,,false,,,Winter,,Alison
0f7cfe5c-1682-4a1c-95ec-f5a22a020612,43bfeaf6-a8b5-41b2-884b-763476be3ebc,MK 1_4,-37.969376,177.000965,,2024-08-02T10:19:21+00:00,2024-08-23T12:59:45+00:00,Blair George,24028fe1-3226-4a9f-97b0-499c4af1683a,Browning-BTC-6DCL,300,,,,,,,,,,Winter,,
1044c2d2-f907-42f2-bbd9-cb34da5ce97e,91676316-1528-468f-9ff0-a30dcd616319,OH 4_1,-37.991131,177.018063,,2025-08-14T10:42:44+00:00,2025-09-04T11:03:23+00:00,Thomas Armstrong,,,300,,,,,,,,,,Winter,,
1225d3e1-cefc-41d0-a9b6-58cc407cfd45,1d79af89-7dbb-4174-b7ab-9ed429ceafd5,KP 2_1,-37.95635,177.01453,,2025-11-14T12:11:35+00:00,2025-12-05T11:38:10+00:00,Thomas Armstrong,,,300,,,,,,,,,,Spring,,
1430fcef-9901-47a6-8db8-b70d2abb5c87,78346ada-7952-46a4-b54f-08ecdde63ccd,MK 2_3,-37.980599,176.999049,,2025-05-02T10:25:46+00:00,2025-05-23T09:47:28+00:00,Blair George,,,300,,,,,,,,,,Autumn,,"Bait remaining, a bit mouldy"
15600333-0548-4e73-a6e6-2b8b563d8cb0,4a1c9790-6e39-45d0-ba61-f0e06f84fadb,KP 3_1,-37.956977,177.002874,,2025-11-14T10:21:40+00:00,2025-12-05T09:20:47+00:00,Blair George,,,300,,,,,,,,,,Spring,,
156c318c-f0ca-4172-bb77-a6960dda30f7,fff54d4f-0934-4881-a1d5-84223712fd3d,OH 2_2,-37.979596,177.037031,,2024-07-10T12:23:45+00:00,2024-07-31T10:51:16+00:00,Blair George,,,300,,,,,,,,,,Winter,,
15a31edd-9bbe-4a89-834d-e72a529df785,26d0249d-c3cb-4a6d-ade3-89450af870b1,OH 1_2,-37.9699,177.02495,,2025-05-01T12:26:00+00:00,2025-05-22T10:15:00+00:00,Gaye Payze,,,300,,,,,,,,,,Autumn,,
168dec58-0a37-44bd-98fb-e3a88925bc71,bd0529eb-3148-4c46-8f9e-da68ffc2fd2e,MK 2_4,-37.979682,176.997475,,2025-05-02T10:07:41+00:00,2025-05-23T09:30:46+00:00,Blair George,,,300,,,,,,,,,,Autumn,,
19c14756-5a08-4907-82aa-7ed6e093fd60,1d79af89-7dbb-4174-b7ab-9ed429ceafd5,KP 2_1,-37.95635,177.01453,,2024-08-02T12:17:57+00:00,2024-08-23T11:48:54+00:00,Thomas Armstrong,53fc4662-e645-486b-8164-0b01e44b7f50,Browning-BTC-5PXD,300,,,,,,,,,,Winter,,
1a9a304e-4d4c-4193-bbc9-25182a52e821,a215b773-2c07-4478-81a8-a589068e6ee3,KP 3_2,-37.955428,177.003573,,2025-01-31T11:00:11+00:00,2025-02-21T13:07:29+00:00,,,,300,,,,180,,,,,,Summer,,Deployed by Christie
1b961bc6-1960-41ec-815d-5c11000f7d1c,833f6af4-2167-4d68-8f74-b21082ef993c,KP 1_1,-37.947987,177.018887,,2023-11-09T10:48:05+00:00,2023-11-30T09:15:55+00:00,Blair George,,,300,,,,225,,,,,,Spring,,
1b9f5e01-800f-4c1b-a7d6-be9c6e6ad1bb,78346ada-7952-46a4-b54f-08ecdde63ccd,MK 2_3,-37.980599,176.999049,,2025-01-31T09:50:59+00:00,2025-02-21T08:41:04+00:00,,,,300,,,,180,,,,,,Summer,S,Alison Fear
1dc2042d-a0a6-44d7-a6d8-278157b68a17,fe1cdff2-b824-4a9a-a7f3-241ea15479db,MK 2_1,-37.98268,177.002688,,2024-02-02T11:03:30+00:00,2024-02-23T10:10:42+00:00,Hilary Sheaff,,,300,,,,,,,,,,Summer,,
1e5a2392-bcee-42fa-8097-74a3609c6186,59ccc7f7-521a-43c5-8269-b5c6db7fea31,KP 1_3,-37.945686,177.015393,,2024-11-01T10:44:37+00:00,2024-11-22T09:36:30+00:00,Thomas Armstrong,,,300,,,,,,,,,,Spring,,
1e896cf5-f5db-4e96-ad81-ac784ffa41ab,4b204aa4-5311-4e07-9431-5389b83155e6,OH 1_4,-37.966774,177.026849,,2024-07-10T11:41:16+00:00,2024-07-31T09:02:50+00:00,Hilary Sheaff,,,300,,,,,,,,,,Winter,,
20082fac-e90f-4597-8792-d8414c9a9a4f,c3a4d1bc-7314-457d-a30c-6aac2c54dae7,KP 2_3,-37.954119,177.011066,,2024-11-01T13:05:03+00:00,2024-11-22T12:09:41+00:00,Thomas Armstrong,e351b381-78d1-4437-9815-744ce795cf9e,Browning-BTC-5PXD,300,,,,,,,,,,Spring,,
205d5355-394a-4c91-bdd7-92e626c4091c,ab3c9d0b-4aa1-4ded-80c6-b495365735db,OH 2_3,-37.978033,177.035673,,2025-11-13T11:09:30+00:00,2025-12-04T09:15:49+00:00,Blair George,,,300,,,,,,,,,,Spring,,
20d9a9e7-c905-4533-a102-11e6a606c0fb,905ba210-58da-4d25-b396-3e19060a0e2a,MK 1_2,-37.971503,177.004897,,2025-01-31T11:02:42+00:00,2025-02-21T07:44:00+00:00,Gaye Payze,,,300,,,,180,,,,,,Summer,S,
222df9ad-c433-4716-a6aa-d3912f68b8d4,26d0249d-c3cb-4a6d-ade3-89450af870b1,OH 1_2,-37.9699,177.02495,,2025-01-08T09:54:21+00:00,2025-01-29T13:27:52+00:00,Hilary Sheaff,,,300,,,,180,,,,,,Summer,S,
22923712-34bd-407a-93e3-ac25b07c193c,62a29d0e-ea64-4820-b369-053ba7964213,OH 1_3,-37.968095,177.026276,,2026-02-11T15:15:28+00:00,2026-03-04T14:06:49+00:00,Gaye Payze,,,300,,,,,,,,,,Summer,,
2310ee14-4a5a-4cc6-aeb7-7b071b957b23,43bfeaf6-a8b5-41b2-884b-763476be3ebc,MK 1_4,-37.969376,177.000965,,2025-08-15T11:07:18+00:00,2025-09-05T09:25:08+00:00,Gaye Payze,,,300,,,,,,,,,,Winter,,
2383e674-6f91-4f58-b8c2-6357bb4e8e30,62a29d0e-ea64-4820-b369-053ba7964213,OH 1_3,-37.968095,177.026276,,2024-07-10T12:16:46+00:00,2024-07-31T09:56:04+00:00,Hilary Sheaff,,,300,,,,,,,,,,Winter,,
245336ff-0d46-460f-bb52-ac85158c2924,f3ea63d1-daba-448f-a1bd-e3dca498255a,OH 4_3,-37.990415,177.022671,,2025-08-14T11:21:51+00:00,2025-09-04T11:43:15+00:00,Thomas Armstrong,,,300,,,,,,,,,,Winter,,
254c3b98-ba89-41a4-9bd1-47c55096e4f1,d210cffd-6dfa-488f-bcac-e3de2318bebf,KP 1_2,-37.946838,177.017151,,2026-02-12T10:50:13+00:00,2026-03-05T09:46:53+00:00,Thomas Armstrong,,,300,,,,,,,,,,Summer,,
25b895a8-4801-4a79-8013-45f35eeae5a7,5516cd98-98eb-4a0d-84f6-1d19715413ed,MK 1_3,-37.970345,177.002831,,2024-08-02T09:57:29+00:00,2024-08-23T13:05:00+00:00,Blair George,1ec0b3a8-3979-490f-907c-15514c5d6e6d,Browning-BTC-6DCL,300,,,,,,,,,,Winter,,
25c31a7a-b6a4-42fb-b398-7b451b23ca1f,bd0529eb-3148-4c46-8f9e-da68ffc2fd2e,MK 2_4,-37.979682,176.997475,,2025-01-31T14:16:55+00:00,2025-02-21T08:51:41+00:00,,,,300,,,,,,,,,,Summer,S,Alison Fear
2640b298-13f6-408f-ad36-7d150c2833d6,62a29d0e-ea64-4820-b369-053ba7964213,OH 1_3,-37.968095,177.026276,,2025-05-01T14:20:00+00:00,2025-05-22T11:42:38+00:00,Gaye Payze,,,300,,,,,,,,,,Autumn,,
26c2dd25-c480-4747-bc99-6ac3e88ce3e9,ddf0ab27-7398-4793-95d6-1b8e7dd2af00,OH 4_2,-37.99086,177.020555,,2025-05-01T10:47:39+00:00,2025-05-22T09:52:21+00:00,Thomas Armstrong,,,300,,,,,,,,,,Autumn,,
278b603b-1d59-4235-a11f-ec8b63e28a20,43bfeaf6-a8b5-41b2-884b-763476be3ebc,MK 1_4,-37.969376,177.000965,,2024-02-02T09:55:01+00:00,2024-02-23T13:41:39+00:00,Hilary Sheaff,,,300,,,,,,,,,,Summer,,
27d5383d-3647-45fb-a491-f4b7e0d72c4a,da0b9e74-9bb6-4185-b930-042bb992aca3,KP 2_2,-37.955212,177.012832,,2024-11-01T12:46:02+00:00,2024-11-22T11:48:03+00:00,Thomas Armstrong,eb6b77f1-93b6-402e-a12a-4ae9e8e3f513,Browning-BTC-6DCL,300,,,,,,,,,,Spring,,
282be494-db19-48ce-bdd0-127d1c3a075e,e27f7e48-261a-4890-9d2b-12bbde60c42e,OH 2_4,-37.976528,177.034364,,2023-10-17T11:00:00+00:00,2023-11-07T10:09:39+00:00,Blair George,,,300,,,,,,,,,,Spring,,
28db3b86-d6ab-4750-8b8e-46215387d137,379e46d6-1b86-4de9-9760-0eea9c0513f7,OH 3_3,-37.980803,177.022395,,2025-01-08T10:29:00+00:00,2025-01-29T09:22:29+00:00,,,,300,,,,180,,,,,,Summer,,Alison Fear Deployed and Collected
29414277-ac9e-4f3d-8b80-22b122818bd5,a215b773-2c07-4478-81a8-a589068e6ee3,KP 3_2,-37.955428,177.003573,,2024-05-03T09:42:45+00:00,2024-05-24T10:39:39+00:00,Blair George,,,300,,,,,,,,,,Autumn,,
2a465b66-6acc-4335-b2cd-33a1ead77707,7d690824-4ff9-4b14-884b-23a0f44bee73,OH 1_1,-37.971868,177.024126,,2024-01-10T12:50:00+00:00,2024-01-31T09:15:00+00:00,Hilary Sheaff,,,300,,,,,,,,,,Summer,,Custom EXIF image added to record correct start/end date
2a93981b-2bd3-4612-ac3a-e0e8453cb8bd,33aa3368-09d1-4f75-964f-25087908ab3c,OH 3_1,-37.980652,177.01783,,2025-11-13T09:38:00+00:00,2025-12-04T07:08:01+00:00,Gaye Payze,,,300,,,,,,,,,,Spring,,Alison
2b424e70-2565-4c89-8737-c0c4ddc64195,2da84816-9255-4f55-a79e-c86b1ba93122,MK 1_1,-37.972594,177.006403,,2025-01-31T12:15:28+00:00,2025-02-21T07:10:40+00:00,Gaye Payze,,,300,,,,180,,,,,,Summer,,
2bda2561-de98-4a26-8696-61194b598207,f3ea63d1-daba-448f-a1bd-e3dca498255a,OH 4_3,-37.990415,177.022671,,2023-10-17T13:15:42+00:00,2023-11-07T10:12:38+00:00,Thomas Armstrong,,,300,,,,,,,,,,Spring,,
2e1bdd5b-0f20-4315-84ac-f2c490884838,bd0529eb-3148-4c46-8f9e-da68ffc2fd2e,MK 2_4,-37.979682,176.997475,,2025-08-15T10:02:18+00:00,2025-09-05T08:46:41+00:00,Gaye Payze,,,300,,,,,,,,,,Winter,,Alison
2f233fd1-53dc-4750-8817-2d4c489df762,33aa3368-09d1-4f75-964f-25087908ab3c,OH 3_1,-37.980652,177.01783,,2024-01-10T10:00:00+00:00,2024-01-31T08:36:39+00:00,Hilary Sheaff,,,300,,,,,,,,,,Summer,,Custom EXIF image added to record correct start date
2f51fda0-f89b-438f-a563-9560e4e9b4f4,a215b773-2c07-4478-81a8-a589068e6ee3,KP 3_2,-37.955428,177.003573,,2024-02-02T09:34:03+00:00,2024-02-23T12:38:37+00:00,Blair George,,,300,,,,,,,,,,Summer,,
304712c7-ee62-4095-b7b4-9aa97e856989,995c5199-b74e-4112-9689-91763a9f3ab9,KP 2_4,-37.953001,177.009267,,2025-05-02T09:22:37+00:00,2025-05-23T08:57:00+00:00,Thomas Armstrong,,,300,,,,,,,,,,Autumn,,
31437cfd-1cb7-4e5a-b6b8-2d919fb709a4,fff54d4f-0934-4881-a1d5-84223712fd3d,OH 2_2,-37.979596,177.037031,,2025-11-13T10:38:16+00:00,2025-12-04T08:48:07+00:00,Blair George,,,300,,,,,,,,,,Spring,,
319dcb6f-888a-4faa-bf09-34107a0d728f,4b204aa4-5311-4e07-9431-5389b83155e6,OH 1_4,-37.966774,177.026849,,2023-10-17T15:01:17+00:00,2023-11-07T11:58:25+00:00,Hilary Sheaff,,,300,0.30,,,,1.00,,,,,Spring,,
31ab61cd-d64b-46cc-b524-55cc91f92fb8,7d690824-4ff9-4b14-884b-23a0f44bee73,OH 1_1,-37.971868,177.024126,,2024-07-10T10:06:34+00:00,2024-07-31T11:04:58+00:00,Hilary Sheaff,,,300,,,,,,,,,,Winter,,
31ba03a9-45a4-49f7-9c28-7a96f1e021ef,c3a4d1bc-7314-457d-a30c-6aac2c54dae7,KP 2_3,-37.954119,177.011066,,2025-11-14T13:03:07+00:00,2025-12-05T12:22:09+00:00,Thomas Armstrong,,,300,,,,,,,,,,Spring,,
33307d9c-5116-4c59-897d-dbc10a72f8e0,1d79af89-7dbb-4174-b7ab-9ed429ceafd5,KP 2_1,-37.95635,177.01453,,2026-02-12T11:59:43+00:00,2026-03-05T10:50:47+00:00,Thomas Armstrong,,,300,,,,,,,,,,Summer,,
33561289-caf1-4dd8-8ba4-960d1aff7008,905ba210-58da-4d25-b396-3e19060a0e2a,MK 1_2,-37.971503,177.004897,,2024-08-02T09:39:25+00:00,2024-08-23T13:32:21+00:00,Blair George,f69e8f94-1c96-44c4-a146-cb56cbb8e658,Browning-BTC-6DCL,300,,,,,,,,,,Winter,,
33e7d7f8-2ed9-4192-a7d9-205e0d6b9465,62a29d0e-ea64-4820-b369-053ba7964213,OH 1_3,-37.968095,177.026276,,2025-08-14T13:00:00+00:00,2025-09-04T10:46:02+00:00,Gaye Payze,,,300,,,,,,,,,,Winter,,
34092215-9ebd-4973-b665-36d576a547d8,91676316-1528-468f-9ff0-a30dcd616319,OH 4_1,-37.991131,177.018063,,2023-10-17T14:35:29+00:00,2023-11-07T09:25:51+00:00,Thomas Armstrong,,,300,,,,225,,,,,,Spring,,
34ce4676-dda5-4067-a1b5-92e2bef0c706,33aa3368-09d1-4f75-964f-25087908ab3c,OH 3_1,-37.980652,177.01783,,2024-04-10T09:46:18+00:00,2024-05-01T12:27:26+00:00,Hilary Sheaff,,,300,,,,,,,,,,Autumn,,
35069840-7b9f-4a89-ac1b-c931e1a308a5,aac31d23-c4e7-4114-ac4c-921562eff810,KP 3_3,-37.953579,177.004296,,2023-08-11T12:58:27+00:00,2023-09-01T11:40:45+00:00,Blair George,,,300,0.60,,,225,0.85,,,,,Winter,,"Camera bearing 193 degrees (SSW) Conditions: dry, super full moon on 31/8/23"
355ff907-5e99-4d0d-add8-f05116ba34d1,da0b9e74-9bb6-4185-b930-042bb992aca3,KP 2_2,-37.955212,177.012832,,2025-11-14T12:47:39+00:00,2025-12-07T08:52:17+00:00,Thomas Armstrong,,,300,,,,,,,,,,Spring,,
35c288c2-5adb-4a2d-a7db-9a24ad85f519,fff54d4f-0934-4881-a1d5-84223712fd3d,OH 2_2,-37.979596,177.037031,,2024-01-10T12:33:17+00:00,2024-01-31T10:51:43+00:00,Thomas Armstrong,,,300,0.35,,,,0.70,,,,,Summer,,
3645bc01-0745-46ad-8eb1-e352f82e58b5,da0b9e74-9bb6-4185-b930-042bb992aca3,KP 2_2,-37.955212,177.012832,,2024-02-02T12:56:40+00:00,2024-02-23T11:43:13+00:00,Thomas Armstrong,,,300,,,,,,,,,,Summer,,
37c012c7-ea03-48b4-bc7f-8bd4bf56abba,57ccd9bf-c3f0-45f9-8d7b-460157c366ed,MK 2_2,-37.981582,177.000893,,2024-02-02T12:28:41+00:00,2024-02-23T11:39:19+00:00,Hilary Sheaff,,,300,,,,,,,,,,Summer,,"Mark final sequence setup/pickup, I arrived 1 min later within camera sleep window so no trigger"
380d1571-04f6-43c1-be32-9d952c44eb21,1d79af89-7dbb-4174-b7ab-9ed429ceafd5,KP 2_1,-37.95635,177.01453,,2025-01-31T14:05:54+00:00,2025-02-21T11:25:27+00:00,Thomas Armstrong,,,300,,,,180,,,,,,Summer,S,
3897fc3b-b871-4b46-bf75-d6c26d36cfca,78346ada-7952-46a4-b54f-08ecdde63ccd,MK 2_3,-37.980599,176.999049,,2024-11-01T10:21:20+00:00,2024-11-22T09:00:05+00:00,,,,300,,,,,,,,,,Spring,,
39131198-cb12-4968-96a0-507ba74d9565,e27f7e48-261a-4890-9d2b-12bbde60c42e,OH 2_4,-37.976528,177.034364,,2025-08-14T10:52:36+00:00,2025-09-04T10:47:12+00:00,Blair George,4f07253b-8e5f-45dc-bb0b-b790521275c6,Browning-BTC-5PXD,300,,,,,,,,,,Winter,,Bait untouched
3abd5793-8e4a-4728-b541-5e202d4787a4,62a29d0e-ea64-4820-b369-053ba7964213,OH 1_3,-37.968095,177.026276,,2024-10-09T11:00:00+00:00,2024-10-30T11:15:12+00:00,Hilary Sheaff,4f07253b-8e5f-45dc-bb0b-b790521275c6,Browning-BTC-5PXD,300,,,,,,,,,,Spring,,
3d3ac972-1fc7-47a1-b270-466c5fb2c1dc,a215b773-2c07-4478-81a8-a589068e6ee3,KP 3_2,-37.955428,177.003573,,2026-02-12T10:04:06+00:00,2026-03-05T12:01:41+00:00,Blair George,,,300,,,,,,,,,,Summer,,
3f2b9a69-4832-4394-a213-a7d11c71a489,c3a4d1bc-7314-457d-a30c-6aac2c54dae7,KP 2_3,-37.954119,177.011066,,2023-11-09T12:24:36+00:00,2023-11-30T09:08:06+00:00,Blair George,,,300,,,,225,,,,,,Spring,,
43d5954f-717c-4d31-b545-dc68a2dbea4f,c25c0812-6839-4362-babb-bd3fa80894f7,OH 2_1,-37.981091,177.038284,,2024-01-10T12:50:14+00:00,2024-01-31T11:26:46+00:00,Thomas Armstrong,,,300,0.60,,,,0.80,,,,,Summer,,
45943de5-f5c5-4ab8-b086-69ebb05ed34e,014a85a9-e84c-4ecf-9940-0250bb3a3095,OH 3_4,-37.980885,177.024662,,2025-08-14T11:39:00+00:00,2025-09-04T22:02:00+00:00,Gaye Payze,,,300,,,,,,,false,,,Winter,,Alison
46ebb1fc-eb40-46cf-bff3-0d23b97f512e,995c5199-b74e-4112-9689-91763a9f3ab9,KP 2_4,-37.953001,177.009267,,2025-01-31T09:46:34+00:00,2025-02-21T09:00:23+00:00,Thomas Armstrong,,,300,,,,180,,,,,,Summer,,
479a0261-a326-4ce7-8650-8201df2d731a,aac31d23-c4e7-4114-ac4c-921562eff810,KP 3_3,-37.953579,177.004296,,2024-08-02T13:37:10+00:00,2024-08-23T09:03:02+00:00,Thomas Armstrong,fc3d3a6d-a72d-45c5-b243-f2d1be123195,Browning-BTC-6DCL,300,,,,,,,,,,Winter,,
48137697-2890-4a1b-9d70-5a200dc6c3c0,995c5199-b74e-4112-9689-91763a9f3ab9,KP 2_4,-37.953001,177.009267,,2025-11-14T09:48:52+00:00,2025-12-05T09:46:48+00:00,Thomas Armstrong,,,300,,,,,,,,,,Spring,,
48c46b5b-f41a-41c6-8acf-fb7b1b872290,91676316-1528-468f-9ff0-a30dcd616319,OH 4_1,-37.991131,177.018063,,2025-01-08T09:45:49+00:00,2025-01-29T10:13:19+00:00,Thomas Armstrong,,,300,,,,180,,,,,,Summer,S,
493ca5fa-6596-42d9-b12a-1fcadb5f82e4,c3a4d1bc-7314-457d-a30c-6aac2c54dae7,KP 2_3,-37.954119,177.011066,,2026-02-12T12:37:57+00:00,2026-03-05T11:29:11+00:00,Thomas Armstrong,,,300,,,,,,,,,,Summer,,
4988e429-f424-4f7f-a14a-da1a327139e4,833f6af4-2167-4d68-8f74-b21082ef993c,KP 1_1,-37.947987,177.018887,,2024-05-03T13:15:14+00:00,2024-05-24T11:12:14+00:00,Thomas Armstrong,,,300,,,,,,,,,,Autumn,,
4a987b90-49b0-4f47-835f-998e1d87dc3f,995c5199-b74e-4112-9689-91763a9f3ab9,KP 2_4,-37.953001,177.009267,,2024-05-03T10:47:48+00:00,2024-05-24T09:25:20+00:00,Thomas Armstrong,,,300,,,,,,,,,,Autumn,,
4b275730-3333-4f78-9b59-7172bb551879,014a85a9-e84c-4ecf-9940-0250bb3a3095,OH 3_4,-37.980885,177.024662,,2026-02-11T11:51:00+00:00,2026-03-04T13:17:58+00:00,Gaye Payze,,,300,,,,,,,,,,Summer,,Deployed Alison
4b65e2b1-341b-4294-b501-fa5787b01ac1,4b204aa4-5311-4e07-9431-5389b83155e6,OH 1_4,-37.966774,177.026849,,2025-05-01T13:39:00+00:00,2025-05-22T11:35:42+00:00,Gaye Payze,,,300,0.20,,,,,,,,,Autumn,,"Camera mounted quite low, approx 200mm height"
4c2d48f3-aa3d-4f58-81ac-d02749802cc4,fff54d4f-0934-4881-a1d5-84223712fd3d,OH 2_2,-37.979596,177.037031,,2024-04-10T11:57:24+00:00,2024-05-01T10:34:54+00:00,Blair George,,,300,,,,,,,,,,Autumn,,
4d035a7a-d6b0-4526-8a0d-373e068111f6,014a85a9-e84c-4ecf-9940-0250bb3a3095,OH 3_4,-37.980885,177.024662,,2024-04-10T11:26:02+00:00,2024-05-01T13:37:20+00:00,Hilary Sheaff,,,300,,,,,,,,,,Autumn,,
4d23edbc-da16-4cd2-8a69-e84ecd70ea16,ace80f19-800c-4846-8e9f-15908d9e3f7e,KP 1_4,-37.94456,177.013575,,2025-11-14T10:11:57+00:00,2025-12-05T10:05:56+00:00,Thomas Armstrong,,,300,,,,,,,,,,Spring,,
4d8780c1-7e4d-45e9-aa81-7321190dce33,379e46d6-1b86-4de9-9760-0eea9c0513f7,OH 3_3,-37.980803,177.022395,,2025-08-14T11:06:53+00:00,2025-09-04T09:34:00+00:00,Gaye Payze,,,300,,,,,,,,,,Winter,,Alison
4e97cac6-a1dd-46b7-9dbd-d3098031c0cd,5516cd98-98eb-4a0d-84f6-1d19715413ed,MK 1_3,-37.970345,177.002831,,2024-05-03T10:30:27+00:00,2024-05-24T09:10:26+00:00,Hilary Sheaff,,,300,,,,,,,,,,Autumn,,
5012860e-48fa-4d29-b96a-ada49338408e,379e46d6-1b86-4de9-9760-0eea9c0513f7,OH 3_3,-37.980803,177.022395,,2023-10-17T11:53:03+00:00,2023-11-07T09:43:56+00:00,Hilary Sheaff,,,300,0.50,,,,0.50,,,,,Spring,,
518fd610-47b4-4c96-b178-c3e87e29e1f2,ace80f19-800c-4846-8e9f-15908d9e3f7e,KP 1_4,-37.94456,177.013575,,2024-11-01T10:11:18+00:00,2024-11-22T09:10:31+00:00,Thomas Armstrong,0785165b-b13c-4a1e-beb9-67f379dfd910,Browning-BTC-6DCL,300,,,,,,,,,,Spring,,
51ebc855-bedd-4226-949f-7cba6dfdb3f7,ab3c9d0b-4aa1-4ded-80c6-b495365735db,OH 2_3,-37.978033,177.035673,,2024-10-09T11:07:04+00:00,2024-10-30T10:38:55+00:00,Blair George,,,300,,,,,,,,,,Spring,,
51fe0e05-5370-4eab-b7c9-11dfdfbea908,905ba210-58da-4d25-b396-3e19060a0e2a,MK 1_2,-37.971503,177.004897,,2025-05-02T10:08:03+00:00,2025-05-23T09:05:06+00:00,Gaye Payze,,,300,,,,,,,,,,Autumn,,
533b45a8-63f2-41bb-9c91-58f772558bf9,43bfeaf6-a8b5-41b2-884b-763476be3ebc,MK 1_4,-37.969376,177.000965,,2026-02-12T13:16:00+00:00,2026-03-05T13:16:01+00:00,Gaye Payze,,,300,,,,,,,,,,Summer,,"No images. Different model camera, was in 'setup' mode not 'on' mode."
54e67dee-80d1-478d-b298-80ae23fadf4b,bd0529eb-3148-4c46-8f9e-da68ffc2fd2e,MK 2_4,-37.979682,176.997475,,2023-11-09T09:23:22+00:00,2023-11-30T08:54:57+00:00,Hilary Sheaff,,,300,0.50,,30,180,0.90,,,,,Spring,,
558d7423-9f99-4dd5-8b23-a8570ae451b1,995c5199-b74e-4112-9689-91763a9f3ab9,KP 2_4,-37.953001,177.009267,,2024-08-02T09:29:39+00:00,2024-08-23T09:02:54+00:00,Thomas Armstrong,751aeccb-205d-4fc5-9c00-ba457b4ddd0a,Browning-BTC-6DCL,300,,,,,,,,,,Winter,,
57285523-6319-4737-9297-8423d048fe12,379e46d6-1b86-4de9-9760-0eea9c0513f7,OH 3_3,-37.980803,177.022395,,2024-07-10T11:00:00+00:00,2024-07-31T10:44:21+00:00,Hilary Sheaff,,,300,,,,,,,,,,Winter,,Rob
58184087-8a27-49d2-94ba-cb6dedf6b75a,c3a4d1bc-7314-457d-a30c-6aac2c54dae7,KP 2_3,-37.954119,177.011066,,2023-08-11T16:44:37+00:00,2023-09-01T14:37:10+00:00,Hilary Sheaff,,,300,0.45,,,225,1.00,,,,,Winter,,"Camera bearing 220 degrees (SW) Conditions: dry, super full moon on 31/8/23"
583f4d9d-e455-4afb-a81e-26f9732125de,43bfeaf6-a8b5-41b2-884b-763476be3ebc,MK 1_4,-37.969376,177.000965,,2024-05-03T11:11:03+00:00,2024-05-24T09:49:19+00:00,Hilary Sheaff,,,300,,,,,,,,,,Autumn,,
587b3398-77c7-4816-9062-b3fa02837fab,c25c0812-6839-4362-babb-bd3fa80894f7,OH 2_1,-37.981091,177.038284,,2025-05-01T12:02:22+00:00,2025-05-22T10:51:01+00:00,Blair George,,,300,,,,,,,,,,Autumn,,Bait largely untouched
58ac0570-0496-41ad-b97e-a7c0a97e74a7,fe1cdff2-b824-4a9a-a7f3-241ea15479db,MK 2_1,-37.98268,177.002688,,2025-05-02T11:49:05+00:00,2025-05-23T11:00:08+00:00,Blair George,,,300,,,,,,,,,,Autumn,,
58bfcc86-e5ce-4224-ae30-d420b8562664,da0b9e74-9bb6-4185-b930-042bb992aca3,KP 2_2,-37.955212,177.012832,,2024-08-02T12:48:58+00:00,2024-08-23T12:15:21+00:00,Thomas Armstrong,4f07253b-8e5f-45dc-bb0b-b790521275c6,Browning-BTC-5PXD,300,,,,,,,,,,Winter,,
5914097a-46e4-4154-b787-7e49fe6ec80e,5516cd98-98eb-4a0d-84f6-1d19715413ed,MK 1_3,-37.970345,177.002831,,2025-11-14T09:17:49+00:00,2025-12-05T09:56:42+00:00,Gaye Payze,,,300,,,,,,,,,,Spring,,
59311018-0efc-4a56-b81d-bb796202ba13,c25c0812-6839-4362-babb-bd3fa80894f7,OH 2_1,-37.981091,177.038284,,2025-11-13T10:24:05+00:00,2025-12-04T08:35:33+00:00,Blair George,,,300,,,,,,,,,,Spring,,
596935c6-cd42-495f-8665-765225b647c2,a215b773-2c07-4478-81a8-a589068e6ee3,KP 3_2,-37.955428,177.003573,,2025-08-15T10:09:21+00:00,2025-09-05T11:30:45+00:00,Blair George,,,300,,,,,,,,,,Winter,,
5a8a1820-4cbd-4ea7-83e5-d9b90e22285f,c3a4d1bc-7314-457d-a30c-6aac2c54dae7,KP 2_3,-37.954119,177.011066,,2024-08-02T13:09:56+00:00,2024-08-23T12:29:47+00:00,Thomas Armstrong,027da11c-ff88-42db-be3f-84411bcd7e0b,Browning-BTC-6DCL,300,,,,,,,,,,Winter,,
5ac5750d-46aa-43c5-8ec4-56d7e4eb56e5,ddf0ab27-7398-4793-95d6-1b8e7dd2af00,OH 4_2,-37.99086,177.020555,,2024-04-10T10:30:38+00:00,2024-05-01T09:54:37+00:00,Thomas Armstrong,,,300,,,,,,,,,,Autumn,,
5b5d0158-378e-4f26-8fa5-a47b9b159211,833f6af4-2167-4d68-8f74-b21082ef993c,KP 1_1,-37.947987,177.018887,,2025-08-15T11:30:26+00:00,2025-09-05T11:04:51+00:00,Thomas Armstrong,,,300,,,,,,,,,,Winter,,
5c286093-d7cc-437c-8af4-1ea7079b8000,ddf0ab27-7398-4793-95d6-1b8e7dd2af00,OH 4_2,-37.99086,177.020555,,2025-01-08T10:10:47+00:00,2025-01-29T10:40:58+00:00,Thomas Armstrong,,,300,,,,180,,,,,,Summer,S,
5c58358d-57ba-4ac7-ae71-f7f60d84c6f6,33aa3368-09d1-4f75-964f-25087908ab3c,OH 3_1,-37.980652,177.01783,,2023-10-17T10:34:20+00:00,2023-11-07T08:39:50+00:00,Hilary Sheaff,,,300,0.50,,,,0.95,,,,,Spring,,
5c78720b-906d-41c1-9b4d-25c22e0ed878,ecb9b699-88fd-4147-ac3a-602231586416,OH 4_4,-37.990332,177.024976,,2024-10-09T11:39:09+00:00,2024-10-30T11:15:41+00:00,Thomas Armstrong,fbc31a9c-9796-44f4-8618-971f2912e310,Browning-BTC-6DCL,300,,,,,,,,,,Spring,,
5ca1d237-2c01-402c-823b-5dc4963a3b81,a215b773-2c07-4478-81a8-a589068e6ee3,KP 3_2,-37.955428,177.003573,,2024-08-02T13:51:47+00:00,2024-08-23T09:22:18+00:00,Thomas Armstrong,769b1440-b8f8-4c63-ac35-f4163f2e9421,Browning-BTC-6DCL,300,,,,,,,,,,Winter,,
5d156047-a04b-422f-b355-312e83609176,7d690824-4ff9-4b14-884b-23a0f44bee73,OH 1_1,-37.971868,177.024126,,2025-05-01T11:30:00+00:00,2025-05-22T09:19:17+00:00,Gaye Payze,,,300,,,,,,,,,,Autumn,,
5dad6f28-8739-40d9-9276-bb208de02a0b,833f6af4-2167-4d68-8f74-b21082ef993c,KP 1_1,-37.947987,177.018887,,2026-02-12T11:02:00+00:00,2026-03-05T09:56:11+00:00,Thomas Armstrong,,,300,,,,,,,,,,Summer,,
5dca77b1-d579-4c7a-9240-e5ddf8e7d551,c3a4d1bc-7314-457d-a30c-6aac2c54dae7,KP 2_3,-37.954119,177.011066,,2024-02-02T13:25:23+00:00,2024-02-23T12:00:36+00:00,Thomas Armstrong,,,300,,,,,,,,,,Summer,,
5e1f82fe-ff81-4e4c-bb75-374e161e2bd4,fe1cdff2-b824-4a9a-a7f3-241ea15479db,MK 2_1,-37.98268,177.002688,,2025-01-31T11:32:15+00:00,2025-02-21T10:07:43+00:00,,,,300,,,,180,,,,,,Summer,S,Alison Fear
5e6959c3-d324-4c9d-945c-995e95029eba,da0b9e74-9bb6-4185-b930-042bb992aca3,KP 2_2,-37.955212,177.012832,,2023-11-09T12:04:51+00:00,2023-11-30T09:36:34+00:00,Blair George,,,300,,,,180,,,,,,Spring,,
5ea5376d-98ca-4eea-abc9-41ae48fb7fe8,995c5199-b74e-4112-9689-91763a9f3ab9,KP 2_4,-37.953001,177.009267,,2024-11-01T09:40:55+00:00,2024-11-22T08:37:36+00:00,Thomas Armstrong,d448a4b9-287e-4ee8-984e-3764d17c0c28,Browning-BTC-6DCL,300,,,,,,,,,,Spring,,
5eb12db8-2065-4cf0-b781-9bb6db59bbe3,bd0529eb-3148-4c46-8f9e-da68ffc2fd2e,MK 2_4,-37.979682,176.997475,,2024-02-02T13:08:51+00:00,2024-02-23T12:14:41+00:00,Hilary Sheaff,,,300,,,,,,,,,,Summer,,
5f7006b6-d7a3-45d4-8e35-085dcffcfa4e,1fc9962b-1239-4484-991b-ce7eea04c459,OH 3_2,-37.980795,177.019702,,2025-01-08T09:33:05+00:00,2025-01-29T08:48:23+00:00,,,,300,,,,180,,,,,,Summer,S,Alison Fear deployed and picked up
5fb097dd-b279-4034-a4d9-379c66fe0379,ecb9b699-88fd-4147-ac3a-602231586416,OH 4_4,-37.990332,177.024976,,2025-08-14T11:39:00+00:00,2025-09-04T11:58:09+00:00,Thomas Armstrong,,,300,,,,,,,,,,Winter,,"Camera datetime wrong, EXIF data re-written"
5fd44f86-2774-4165-bce8-790929eb28cb,ddf0ab27-7398-4793-95d6-1b8e7dd2af00,OH 4_2,-37.99086,177.020555,,2023-10-17T13:50:26+00:00,2023-11-07T09:51:07+00:00,Thomas Armstrong,,,300,,,,,,,,,,Spring,,
606cb05f-c288-466a-ad4f-a8896a29b950,ab3c9d0b-4aa1-4ded-80c6-b495365735db,OH 2_3,-37.978033,177.035673,,2024-07-10T11:50:49+00:00,2024-07-31T10:15:22+00:00,Blair George,,,300,,,,,,,,,,Winter,,
61787cde-2f3e-45ae-84ff-bd040c6b6aa8,ddf0ab27-7398-4793-95d6-1b8e7dd2af00,OH 4_2,-37.99086,177.020555,,2024-10-09T10:53:13+00:00,2024-10-30T10:19:32+00:00,Thomas Armstrong,4f715db4-deaf-4a50-be12-a4b5c1390385,Browning-BTC-6DCL,300,,,,,,,,,,Spring,,
6394c522-447f-4834-a60d-65be49f49c34,4a1c9790-6e39-45d0-ba61-f0e06f84fadb,KP 3_1,-37.956977,177.002874,,2024-08-02T14:07:08+00:00,2024-08-23T09:45:05+00:00,Thomas Armstrong,e351b381-78d1-4437-9815-744ce795cf9e,Browning-BTC-5PXD,300,,,,,,,,,,Winter,,
63ff50bc-d9fa-4a86-ad7a-e0357b8e56c0,ace80f19-800c-4846-8e9f-15908d9e3f7e,KP 1_4,-37.94456,177.013575,,2023-11-09T09:44:48+00:00,2023-11-30T10:13:38+00:00,Blair George,,,300,,,,225,,,,,,Spring,,
6431372f-9720-49ca-a07f-ffaad51f9aac,91676316-1528-468f-9ff0-a30dcd616319,OH 4_1,-37.991131,177.018063,,2024-04-10T09:56:38+00:00,2024-05-01T09:30:33+00:00,Thomas Armstrong,,,300,,,,,,,,,,Autumn,,
663523e8-40f2-41cf-aaea-28b2484260f7,4a1c9790-6e39-45d0-ba61-f0e06f84fadb,KP 3_1,-37.956977,177.002874,,2023-08-11T13:40:49+00:00,2023-09-01T12:02:49+00:00,Blair George,,,300,0.50,,,225,0.85,,,,,Winter,,"Camera bearing 235 degrees (SW) Conditions: dry, super full moon on 31/8/23"
664b1d02-4979-4691-ae0b-3b74911a410a,62a29d0e-ea64-4820-b369-053ba7964213,OH 1_3,-37.968095,177.026276,,2023-10-17T15:47:04+00:00,2023-11-07T12:32:22+00:00,Hilary Sheaff,,,300,0.30,,,,1.00,,,,,Spring,,
66b21e15-3f41-4fe2-bcd9-d3592fc09aab,7d690824-4ff9-4b14-884b-23a0f44bee73,OH 1_1,-37.971868,177.024126,,2025-11-13T13:22:00+00:00,2025-12-04T11:13:50+00:00,Gaye Payze,,,300,,,,,,,,,,Spring,,
66f2ebca-6e04-44b4-84cb-f41cb0189c12,c3a4d1bc-7314-457d-a30c-6aac2c54dae7,KP 2_3,-37.954119,177.011066,,2024-05-03T15:29:02+00:00,2024-05-24T13:02:24+00:00,Thomas Armstrong,,,300,,,,,,,,,,Autumn,,
672c186c-ab1c-48e7-8f3d-da4b56f1f70f,26d0249d-c3cb-4a6d-ade3-89450af870b1,OH 1_2,-37.9699,177.02495,,2025-08-14T11:29:50+00:00,2025-09-04T09:36:00+00:00,Gaye Payze,,,300,,,,,,,,,,Winter,,
6746a589-a772-4c31-b4c8-6ffbcf2ee8b4,33aa3368-09d1-4f75-964f-25087908ab3c,OH 3_1,-37.980652,177.01783,,2024-10-09T10:16:15+00:00,2024-10-30T09:08:43+00:00,Hilary Sheaff,fbc31a9c-9796-44f4-8618-971f2912e310,Browning-BTC-6DCL,300,,,,,,,,,,Spring,,
6822a654-b4ef-41d7-a50f-14b854980e5f,2da84816-9255-4f55-a79e-c86b1ba93122,MK 1_1,-37.972594,177.006403,,2025-11-14T11:02:22+00:00,2025-12-05T09:19:04+00:00,Gaye Payze,,,300,,,,,,,,,,Spring,,
687fd4cc-a1fd-4c35-a52e-d523303e212c,ddf0ab27-7398-4793-95d6-1b8e7dd2af00,OH 4_2,-37.99086,177.020555,,2024-07-10T10:56:50+00:00,2024-07-31T10:00:08+00:00,Thomas Armstrong,,,300,,,,,,,,,,Winter,,
68973d79-1f0f-446f-ab92-980d3f3252a7,ace80f19-800c-4846-8e9f-15908d9e3f7e,KP 1_4,-37.94456,177.013575,,2025-01-31T10:16:09+00:00,2025-02-21T09:19:16+00:00,Thomas Armstrong,,,300,,,,180,,,,,,Summer,,
68c0aa4c-332b-4857-a97c-e48082a89432,ddf0ab27-7398-4793-95d6-1b8e7dd2af00,OH 4_2,-37.99086,177.020555,,2026-02-11T10:25:36+00:00,2026-03-04T10:02:31+00:00,Thomas Armstrong,,,300,,,,,,,,,,Summer,,
69504973-17cf-4cb3-96ef-36056345a507,62a29d0e-ea64-4820-b369-053ba7964213,OH 1_3,-37.968095,177.026276,,2025-01-08T12:09:00+00:00,2025-01-29T10:31:49+00:00,Gaye Payze,,,300,,,,180,,,,,,Summer,S,
699c9159-2380-496a-9721-82dc66b8caca,fff54d4f-0934-4881-a1d5-84223712fd3d,OH 2_2,-37.979596,177.037031,,2026-02-11T10:39:18+00:00,2026-03-04T10:07:44+00:00,Blair George,,,300,,,,,,,,,,Summer,,"Camera date wrong mm/dd vs dd/mm, time shifted then uploaded"
69aedd39-73a9-4850-8ef7-e19a4237da43,ace80f19-800c-4846-8e9f-15908d9e3f7e,KP 1_4,-37.94456,177.013575,,2024-08-02T09:58:55+00:00,2024-08-23T09:30:00+00:00,Thomas Armstrong,0785165b-b13c-4a1e-beb9-67f379dfd910,Browning-BTC-6DCL,300,,,,,,,,,,Winter,,
6a65fb1b-4c6b-4283-b4f3-84be2748cd79,d210cffd-6dfa-488f-bcac-e3de2318bebf,KP 1_2,-37.946838,177.017151,,2025-05-02T10:47:02+00:00,2025-05-23T10:09:19+00:00,Thomas Armstrong,,,300,,,,,,,,,,Autumn,,
6b86828b-2381-4fa0-8989-9b1e7cf4ff8d,905ba210-58da-4d25-b396-3e19060a0e2a,MK 1_2,-37.971503,177.004897,,2024-02-02T10:35:20+00:00,2024-02-23T08:56:51+00:00,Hilary Sheaff,,,300,,,,,,,,,,Summer,,Bait including erayz appears hardly touched
6c62cf76-18f6-434e-a2b7-3e2dfabd9e91,fff54d4f-0934-4881-a1d5-84223712fd3d,OH 2_2,-37.979596,177.037031,,2023-10-17T10:21:32+00:00,2023-11-07T11:13:20+00:00,Blair George,,,300,,,,,,,,,,Spring,,
6ce757ba-1e97-4106-a223-23dfb6b5e1d8,2da84816-9255-4f55-a79e-c86b1ba93122,MK 1_1,-37.972594,177.006403,,2026-02-12T11:20:35+00:00,2026-03-05T12:17:40+00:00,Gaye Payze,,,300,,,,,,,,,,Summer,,
6cf72bb0-6fe2-401f-a927-f477709c401c,d210cffd-6dfa-488f-bcac-e3de2318bebf,KP 1_2,-37.946838,177.017151,,2024-05-03T12:53:59+00:00,2024-05-24T10:50:43+00:00,Thomas Armstrong,,,300,,,,,,,,,,Autumn,,
6d356529-2110-413e-a7f4-befcd0360af8,da0b9e74-9bb6-4185-b930-042bb992aca3,KP 2_2,-37.955212,177.012832,,2023-08-11T16:11:05+00:00,2023-09-01T14:06:04+00:00,Hilary Sheaff,,,300,0.40,,,135,0.85,,,,,Winter,,"Camera bearing 165 degrees (SSE) Conditions: dry, super full moon on 31/8/23"
6db066b7-e630-449b-8c4a-62b91cefdf6c,f3ea63d1-daba-448f-a1bd-e3dca498255a,OH 4_3,-37.990415,177.022671,,2025-01-08T10:26:24+00:00,2025-01-29T10:56:37+00:00,Thomas Armstrong,,,300,,,,180,,,,,,Summer,S,
6dd231da-bf01-4754-93f3-be7a0979bdb9,59ccc7f7-521a-43c5-8269-b5c6db7fea31,KP 1_3,-37.945686,177.015393,,2024-08-02T10:33:22+00:00,2024-08-23T10:02:16+00:00,Thomas Armstrong,fbc31a9c-9796-44f4-8618-971f2912e310,Browning-BTC-6DCL,300,,,,,,,,,,Winter,,
70ecf0de-3979-4893-8316-0fe2b43a6e05,905ba210-58da-4d25-b396-3e19060a0e2a,MK 1_2,-37.971503,177.004897,,2024-11-01T10:28:18+00:00,2024-11-22T08:07:53+00:00,,,,300,,,,,,,,,,Spring,,
70fede7d-511a-44f7-b2bb-00c9271e5203,78346ada-7952-46a4-b54f-08ecdde63ccd,MK 2_3,-37.980599,176.999049,,2024-05-03T11:08:19+00:00,2024-05-24T12:00:04+00:00,Hilary Sheaff,,,300,,,,,,,,,,Autumn,,
71983d61-09d1-42d8-9ace-286670f0a154,91676316-1528-468f-9ff0-a30dcd616319,OH 4_1,-37.991131,177.018063,,2025-05-01T10:18:00+00:00,2025-05-22T09:31:42+00:00,Thomas Armstrong,,,300,,,,,,,,,,Autumn,,
71d7e80e-97e5-4694-8f92-ec65d08867bd,59ccc7f7-521a-43c5-8269-b5c6db7fea31,KP 1_3,-37.945686,177.015393,,2025-11-14T10:40:10+00:00,2025-12-05T10:27:47+00:00,Thomas Armstrong,,,300,,,,,,,,,,Spring,,
7206127c-7210-498e-8d3a-8146c35f9963,379e46d6-1b86-4de9-9760-0eea9c0513f7,OH 3_3,-37.980803,177.022395,,2024-10-09T11:15:00+00:00,2024-10-30T09:39:13+00:00,,,,300,,,,,,,,,,Spring,,
720a1c76-e6ce-4f4b-8cbd-f1170dd8f977,2da84816-9255-4f55-a79e-c86b1ba93122,MK 1_1,-37.972594,177.006403,,2024-02-02T11:08:52+00:00,2024-02-23T09:15:24+00:00,Hilary Sheaff,,,300,,,,,,,,,,Summer,,
725d6aa0-9990-488f-88e5-78b8946074f9,33aa3368-09d1-4f75-964f-25087908ab3c,OH 3_1,-37.980652,177.01783,,2025-01-08T10:49:18+00:00,2025-01-29T08:28:24+00:00,,,,300,,,,180,,,,,,Summer,S,Alison Fear
72c7d826-0473-4ea2-9229-de90ce10ca4d,5516cd98-98eb-4a0d-84f6-1d19715413ed,MK 1_3,-37.970345,177.002831,,2025-08-15T10:32:26+00:00,2025-09-05T08:57:36+00:00,Gaye Payze,,,300,,,,,,,,,,Winter,,
73cfacbb-9753-4167-b196-9aae71cc9f15,ddf0ab27-7398-4793-95d6-1b8e7dd2af00,OH 4_2,-37.99086,177.020555,,2025-08-14T11:05:21+00:00,2025-09-04T11:26:57+00:00,Thomas Armstrong,,,300,,,,,,,,,,Winter,,
744299b5-09b4-4613-85df-c734ebe1b518,43bfeaf6-a8b5-41b2-884b-763476be3ebc,MK 1_4,-37.969376,177.000965,,2023-11-09T12:52:16+00:00,2023-11-30T11:56:12+00:00,Hilary Sheaff,,,300,0.45,,30,180,0.90,,,,,Spring,,
749dd26e-9bf0-4362-8ee4-36586cd13ea6,e27f7e48-261a-4890-9d2b-12bbde60c42e,OH 2_4,-37.976528,177.034364,,2025-11-13T11:23:03+00:00,2025-12-04T09:26:32+00:00,Blair George,,,300,,,,,,,,,,Spring,,
74dc2c9b-2a4b-4ebf-a846-5b654ea7139c,fe1cdff2-b824-4a9a-a7f3-241ea15479db,MK 2_1,-37.98268,177.002688,,2023-11-09T11:35:03+00:00,2023-11-30T10:32:22+00:00,Hilary Sheaff,,,300,0.50,,40,135,0.75,,,,,Spring,,
75e5abe4-e3fb-4f2d-a195-4656142797fc,833f6af4-2167-4d68-8f74-b21082ef993c,KP 1_1,-37.947987,177.018887,,2025-01-31T12:30:08+00:00,2025-02-21T10:21:57+00:00,Thomas Armstrong,,,300,,,,,,,,,,Summer,,
767c0f80-7181-47e7-8cd8-f90d0ce673b0,bd0529eb-3148-4c46-8f9e-da68ffc2fd2e,MK 2_4,-37.979682,176.997475,,2026-02-12T09:54:00+00:00,2026-03-05T09:18:29+00:00,Gaye Payze,,,300,,,,,,,,,,Summer,,Deployed Alison. No setup image.
78bb7117-07c2-4b6a-adbb-eaeb85d15742,33aa3368-09d1-4f75-964f-25087908ab3c,OH 3_1,-37.980652,177.01783,,2025-05-01T10:00:00+00:00,2025-05-22T08:18:23+00:00,Gaye Payze,,,300,,,,,,,,,,Autumn,,"Deployed Alison, retrieved Christie G"
78c56f2b-c1e7-4c5e-ba93-16c398363954,59ccc7f7-521a-43c5-8269-b5c6db7fea31,KP 1_3,-37.945686,177.015393,,2023-08-11T10:38:02+00:00,2023-09-01T10:17:35+00:00,Blair George,,,300,0.60,,,225,0.85,,,,,Winter,,"Camera bearing 196 degrees (SSW) Conditions: dry, super full moon on 31/8/23"
7a29d706-2398-447a-8253-8eaa280d75d6,833f6af4-2167-4d68-8f74-b21082ef993c,KP 1_1,-37.947987,177.018887,,2024-02-02T11:09:59+00:00,2024-02-23T10:29:21+00:00,Thomas Armstrong,,,300,,,,,,,,,,Summer,,
7baec69d-85ac-430b-a1cc-c17571a0daf0,f3ea63d1-daba-448f-a1bd-e3dca498255a,OH 4_3,-37.990415,177.022671,,2025-05-01T11:18:17+00:00,2025-05-22T10:09:25+00:00,Thomas Armstrong,,,300,,,,,,,,,,Autumn,,Needs new cage
7bb0393b-d4f7-4f09-8a3b-244268bab3d7,fff54d4f-0934-4881-a1d5-84223712fd3d,OH 2_2,-37.979596,177.037031,,2025-01-08T10:45:52+00:00,2025-01-29T10:59:47+00:00,,,,300,,,,,,,,,,Summer,S,Christie Gassner Deployed and Picked up
7c1142e6-f652-48c3-b9b5-fb41b1e51ba8,c25c0812-6839-4362-babb-bd3fa80894f7,OH 2_1,-37.981091,177.038284,,2024-07-10T12:40:13+00:00,2024-07-31T11:07:46+00:00,Blair George,,,300,,,,,,,,,,Winter,,
7d130095-1e42-47fd-855b-af3051eb4858,35de4b96-3b8f-4f10-80a2-364abb400a2d,KP 3_4,-37.952023,177.005176,,2023-11-09T14:08:28+00:00,2023-11-30T11:51:41+00:00,Blair George,,,300,,,,135,,,,,,Spring,,
7d18f97d-5c5e-43cd-9b3b-535151925f0a,995c5199-b74e-4112-9689-91763a9f3ab9,KP 2_4,-37.953001,177.009267,,2024-02-02T09:16:12+00:00,2024-02-23T09:04:53+00:00,Thomas Armstrong,,,300,,,,,,,,,,Summer,,
7e206323-8741-4a94-9dde-57adfa62f68b,91676316-1528-468f-9ff0-a30dcd616319,OH 4_1,-37.991131,177.018063,,2024-07-10T10:22:08+00:00,2024-07-31T09:26:19+00:00,Thomas Armstrong,,,300,,,,,,,,,,Winter,,
7fe4791b-4c9a-4749-8510-5aaed1a5be09,fe1cdff2-b824-4a9a-a7f3-241ea15479db,MK 2_1,-37.98268,177.002688,,2026-02-12T11:12:00+00:00,2026-03-05T11:03:21+00:00,Gaye Payze,,,300,,,,,,,,,,Summer,,Deployed Alison. No setup images.
7ffc0d18-121f-4b58-92d7-8e6060404dc9,ecb9b699-88fd-4147-ac3a-602231586416,OH 4_4,-37.990332,177.024976,,2024-07-10T11:49:48+00:00,2024-07-31T10:36:51+00:00,Thomas Armstrong,,,300,,,,,,,,,,Winter,,
8006473d-04dd-46f1-b248-4ddeca2850c6,fff54d4f-0934-4881-a1d5-84223712fd3d,OH 2_2,-37.979596,177.037031,,2025-08-14T10:08:24+00:00,2025-09-04T10:04:09+00:00,Blair George,1ec0b3a8-3979-490f-907c-15514c5d6e6d,Browning-BTC-6DCL,300,,,,,,,,,,Winter,,
800f4eac-3af1-4df3-a136-bf7671f6b486,4a1c9790-6e39-45d0-ba61-f0e06f84fadb,KP 3_1,-37.956977,177.002874,,2024-05-03T10:00:41+00:00,2024-05-24T10:50:08+00:00,Blair George,,,300,,,,,,,,,,Autumn,,
805343fe-4d95-42ae-b846-5483eb61315f,33aa3368-09d1-4f75-964f-25087908ab3c,OH 3_1,-37.980652,177.01783,,2026-02-11T10:06:44+00:00,2026-03-04T11:46:29+00:00,Gaye Payze,,,300,,,,,,,,,,Summer,,Deployed Alison
807ebc54-27bf-41e3-8137-6be8f2b893bc,833f6af4-2167-4d68-8f74-b21082ef993c,KP 1_1,-37.947987,177.018887,,2024-08-02T11:12:00+00:00,2024-08-23T10:36:00+00:00,Thomas Armstrong,e5db3958-d9ea-4688-afeb-2768f09ecc7d,Browning-BTC-6DCL,300,,,,,,,,,,Winter,,
80ebe209-d449-4063-a135-55adef2d30fe,ecb9b699-88fd-4147-ac3a-602231586416,OH 4_4,-37.990332,177.024976,,2025-11-13T11:21:03+00:00,2025-12-07T10:13:50+00:00,Thomas Armstrong,,,300,,,,,,,,,,Spring,,
8281c04a-68e2-4b14-ba1e-34cd3a8ab3d7,7d690824-4ff9-4b14-884b-23a0f44bee73,OH 1_1,-37.971868,177.024126,,2024-04-10T12:49:53+00:00,2024-05-01T12:51:33+00:00,Hilary Sheaff,,,300,,,,,,,,,,Autumn,,
82c67209-879b-4426-8c2f-80f37bbdafc2,59ccc7f7-521a-43c5-8269-b5c6db7fea31,KP 1_3,-37.945686,177.015393,,2025-05-02T10:19:26+00:00,2025-05-23T09:54:50+00:00,Thomas Armstrong,,,300,,,,,,,,,,Autumn,,
82fbc275-b233-4835-b1ab-345610e6bcf9,d210cffd-6dfa-488f-bcac-e3de2318bebf,KP 1_2,-37.946838,177.017151,,2023-08-11T11:04:33+00:00,2023-09-01T10:34:27+00:00,Blair George,,,300,0.60,,,225,0.85,,,,,Winter,,"Camera bearing 210 degrees (SSW) Conditions: dry, super full moon on 31/8/23"
831c4d00-bc34-4a64-9f73-294738613833,d210cffd-6dfa-488f-bcac-e3de2318bebf,KP 1_2,-37.946838,177.017151,,2025-08-15T11:07:56+00:00,2025-09-05T10:50:56+00:00,Thomas Armstrong,,,300,,,,,,,,,,Winter,,
83ac26c5-d04f-4887-ba0c-287148cfeff2,ab3c9d0b-4aa1-4ded-80c6-b495365735db,OH 2_3,-37.978033,177.035673,,2025-08-14T10:38:01+00:00,2025-09-04T10:31:48+00:00,Blair George,fc3d3a6d-a72d-45c5-b243-f2d1be123195,Browning-BTC-6DCL,300,,,,,,,,,,Winter,,
8447900e-2d78-4046-9f72-f8fa869c7cc2,26d0249d-c3cb-4a6d-ade3-89450af870b1,OH 1_2,-37.9699,177.02495,,2024-07-10T10:34:09+00:00,2024-07-31T11:35:12+00:00,Hilary Sheaff,,,300,,,,,,,,,,Winter,,
85307b5b-5bc1-4d8c-a9e1-cb1499953b70,aac31d23-c4e7-4114-ac4c-921562eff810,KP 3_3,-37.953579,177.004296,,2025-05-02T12:47:41+00:00,2025-05-23T12:03:16+00:00,Thomas Armstrong,,,300,,,,,,,,,,Autumn,,
865da021-a272-4324-9ad7-bb8d689a3e2e,833f6af4-2167-4d68-8f74-b21082ef993c,KP 1_1,-37.947987,177.018887,,2023-08-11T11:28:07+00:00,2023-09-01T10:47:37+00:00,Blair George,,,300,0.55,,,180,0.80,,,,,Winter,,"Camera bearing 176 degrees (South), Conditions: dry, super full moon on 31/8/23"
88234a59-a699-42b1-8f46-a849d28ca6c6,e27f7e48-261a-4890-9d2b-12bbde60c42e,OH 2_4,-37.976528,177.034364,,2024-01-10T11:53:22+00:00,2024-01-31T10:11:47+00:00,Thomas Armstrong,,,300,0.50,,,,0.80,,,,,Summer,,
8888a3bb-7d6c-40a6-a23e-4e2c02c426c1,91676316-1528-468f-9ff0-a30dcd616319,OH 4_1,-37.991131,177.018063,,2025-11-13T10:09:55+00:00,2025-12-07T09:26:10+00:00,Thomas Armstrong,,,300,,,,,,,,,,Spring,,
88b5b1a6-243a-401f-9913-6439b03807a4,995c5199-b74e-4112-9689-91763a9f3ab9,KP 2_4,-37.953001,177.009267,,2023-08-11T17:19:18+00:00,2023-09-01T09:21:06+00:00,Hilary Sheaff,,,300,0.40,,,180,1.00,,,,,Winter,,"Camera bearing 176 degrees (South) Conditions: dry, super full moon on 31/8/23"
88d20a0c-4392-451f-bcdb-aeff1637f575,f3ea63d1-daba-448f-a1bd-e3dca498255a,OH 4_3,-37.990415,177.022671,,2024-10-09T11:14:45+00:00,2024-10-30T10:49:56+00:00,Thomas Armstrong,05ab99d7-9d97-47fe-ad0d-7de875c1ece2,Browning-BTC-6DCL,300,,,,,,,,,,Spring,,
89f241ff-e050-4608-87c6-1b37a5811fff,905ba210-58da-4d25-b396-3e19060a0e2a,MK 1_2,-37.971503,177.004897,,2025-08-15T10:06:51+00:00,2025-09-05T08:40:35+00:00,Gaye Payze,,,300,,,,,,,,,,Winter,,
8a4636c7-6ef7-45a6-90f2-d2847decf1af,4a1c9790-6e39-45d0-ba61-f0e06f84fadb,KP 3_1,-37.956977,177.002874,,2023-11-09T13:36:26+00:00,2023-11-30T10:14:00+00:00,Blair George,,,300,,,,225,,,,,,Spring,,
8aeb6411-c764-4134-a18c-a242e8fcd8db,fff54d4f-0934-4881-a1d5-84223712fd3d,OH 2_2,-37.979596,177.037031,,2025-05-01T11:43:07+00:00,2025-05-22T10:41:47+00:00,Blair George,,,300,,,,,,,,,,Autumn,,"Bait appears untouched, has mould"
8ba33ef2-e8da-4fe5-ad41-b19b895ebe27,35de4b96-3b8f-4f10-80a2-364abb400a2d,KP 3_4,-37.952023,177.005176,,2024-05-03T10:29:32+00:00,2024-05-24T11:06:58+00:00,Blair George,,,300,,,,,,,,,,Autumn,,
8c73190e-968f-4abc-a0b0-4d719702d807,7d690824-4ff9-4b14-884b-23a0f44bee73,OH 1_1,-37.971868,177.024126,,2023-10-17T13:35:00+00:00,2023-11-07T11:36:00+00:00,Hilary Sheaff,,,300,0.50,,,,0.80,,,,,Spring,,
8cfd629a-0ff6-47ad-8b0f-c51fd9b30550,35de4b96-3b8f-4f10-80a2-364abb400a2d,KP 3_4,-37.952023,177.005176,,2024-08-02T10:49:20+00:00,2024-08-23T09:56:26+00:00,Blair George,d448a4b9-287e-4ee8-984e-3764d17c0c28,Browning-BTC-6DCL,300,,,,,,,,,,Winter,,
8d58ddf5-59d3-4a08-b096-a9b77b7c3a9c,1fc9962b-1239-4484-991b-ce7eea04c459,OH 3_2,-37.980795,177.019702,,2024-10-09T10:45:00+00:00,2024-10-30T09:09:58+00:00,,,,300,,,,,,,,,,Spring,,
8d688d2d-001d-4257-92bb-b9a69338c21b,ddf0ab27-7398-4793-95d6-1b8e7dd2af00,OH 4_2,-37.99086,177.020555,,2024-01-10T09:54:54+00:00,2024-01-31T09:54:52+00:00,Blair George,,,300,0.50,,,,0.70,,,,,Summer,,
8d8fc0a6-ba70-4b70-a50c-03da32600fcc,a215b773-2c07-4478-81a8-a589068e6ee3,KP 3_2,-37.955428,177.003573,,2025-05-02T13:10:06+00:00,2025-05-23T12:20:27+00:00,Thomas Armstrong,,,300,,,,,,,,,,Autumn,,
8d9c904b-1720-4e7a-ba33-950a6a764243,1d79af89-7dbb-4174-b7ab-9ed429ceafd5,KP 2_1,-37.95635,177.01453,,2024-02-02T12:24:16+00:00,2024-02-23T11:19:33+00:00,Thomas Armstrong,,,300,,,,,,,,,,Summer,,
8da7c59e-fc8e-4466-9480-dcba60bc8be1,da0b9e74-9bb6-4185-b930-042bb992aca3,KP 2_2,-37.955212,177.012832,,2025-08-15T13:00:02+00:00,2025-09-05T12:03:00+00:00,Thomas Armstrong,,,300,,,,,,,,,,Winter,,
8e4d45fb-ec78-49ad-8c6b-69ff1e1ee49b,4b204aa4-5311-4e07-9431-5389b83155e6,OH 1_4,-37.966774,177.026849,,2024-04-10T12:49:56+00:00,2024-05-01T11:38:36+00:00,Blair George,,,300,,,,,,,,,,Autumn,,
8e6c4585-d300-4d2f-82d8-2a2cd6412594,aac31d23-c4e7-4114-ac4c-921562eff810,KP 3_3,-37.953579,177.004296,,2025-01-31T10:30:40+00:00,2025-02-21T12:54:14+00:00,,,,300,,,,180,,,,,,Summer,,Christie Deployed
8ebf95b8-6877-473b-b112-bf82ca35bacd,35de4b96-3b8f-4f10-80a2-364abb400a2d,KP 3_4,-37.952023,177.005176,,2023-08-11T14:39:01+00:00,2023-09-01T12:30:44+00:00,Blair George,,,300,0.60,,,,0.70,,,,,Winter,,"Camera bearing 142 degrees (SE) Conditions: dry, super full moon on 31/8/23"
8ed66472-2f7d-49a6-9421-89e892af66ea,5516cd98-98eb-4a0d-84f6-1d19715413ed,MK 1_3,-37.970345,177.002831,,2025-05-02T10:54:00+00:00,2025-05-23T09:24:00+00:00,Gaye Payze,,,300,,,,,,,,,,Autumn,,"Lots of completely black images, sensor issue on WKT01?"
8edab664-324c-4978-97a6-0c5ec6dbd4b0,7d690824-4ff9-4b14-884b-23a0f44bee73,OH 1_1,-37.971868,177.024126,,2025-08-14T10:46:31+00:00,2025-09-04T09:14:07+00:00,Gaye Payze,,,300,,,,,,,false,,,Winter,,
8efc20a4-601e-480d-9a91-f45b46b2544a,fe1cdff2-b824-4a9a-a7f3-241ea15479db,MK 2_1,-37.98268,177.002688,,2025-08-15T11:28:15+00:00,2025-09-05T09:59:29+00:00,Gaye Payze,,,300,,,,,,,,,,Winter,,Alison
8f1428de-fc53-4c9d-ad65-385548c59e17,014a85a9-e84c-4ecf-9940-0250bb3a3095,OH 3_4,-37.980885,177.024662,,2025-01-08T10:53:43+00:00,2025-01-29T09:42:32+00:00,,,,300,,,,180,,,,,,Summer,S,Alison Fear Deployed and Collected
90a26ffb-584b-40b3-a197-2c06e5eff762,fff54d4f-0934-4881-a1d5-84223712fd3d,OH 2_2,-37.979596,177.037031,,2024-10-09T11:41:34+00:00,2024-10-30T11:10:36+00:00,Blair George,1ec0b3a8-3979-490f-907c-15514c5d6e6d,Browning-BTC-6DCL,300,,,,,,,,,,Spring,,
91b3bec8-7d9b-4f97-bb93-a79c2701b610,aac31d23-c4e7-4114-ac4c-921562eff810,KP 3_3,-37.953579,177.004296,,2026-02-12T09:47:57+00:00,2026-03-05T11:54:32+00:00,Blair George,,,300,,,,,,,,,,Summer,,
91b894d0-ba75-4166-b8ba-47a5167f9730,26d0249d-c3cb-4a6d-ade3-89450af870b1,OH 1_2,-37.9699,177.02495,,2024-01-10T13:15:00+00:00,2024-01-31T08:44:17+00:00,Hilary Sheaff,,,300,,,,,,,,,,Summer,,Custom EXIF image added to record correct start/end date
9217d013-6e1c-4556-8c14-048702e0f476,014a85a9-e84c-4ecf-9940-0250bb3a3095,OH 3_4,-37.980885,177.024662,,2025-11-13T11:24:00+00:00,2025-12-04T06:15:59+00:00,Gaye Payze,,,300,,,,,,,,,,Spring,,Alison
930d9e86-b734-4d05-bca6-04a1abd3c370,ace80f19-800c-4846-8e9f-15908d9e3f7e,KP 1_4,-37.94456,177.013575,,2025-05-02T09:53:51+00:00,2025-05-23T09:24:31+00:00,Thomas Armstrong,,,300,,,,,,,,,,Autumn,,
931d5f99-cff0-4c89-b78d-3e72792cefda,014a85a9-e84c-4ecf-9940-0250bb3a3095,OH 3_4,-37.980885,177.024662,,2024-10-09T11:45:32+00:00,2024-10-30T09:58:37+00:00,Hilary Sheaff,6e1d272d-9a0e-442a-90fe-e95a4a1f4a4c,Browning-BTC-6DCL,300,,,,,,,,,,Spring,,
95130307-6b8d-416d-a382-f2ee636afe4e,1d79af89-7dbb-4174-b7ab-9ed429ceafd5,KP 2_1,-37.95635,177.01453,,2025-05-02T11:50:32+00:00,2025-05-23T11:08:00+00:00,Thomas Armstrong,,,300,,,,,,,,,,Autumn,,
9531fd45-613f-4412-bd07-62da0b4272d9,4a1c9790-6e39-45d0-ba61-f0e06f84fadb,KP 3_1,-37.956977,177.002874,,2024-02-02T09:20:19+00:00,2024-02-23T12:29:24+00:00,Blair George,,,300,,,,,,,,,,Summer,,
9632147e-4f5a-42db-9abf-c79d7bda38cd,ab3c9d0b-4aa1-4ded-80c6-b495365735db,OH 2_3,-37.978033,177.035673,,2025-01-08T11:21:33+00:00,2025-01-29T10:43:10+00:00,,,,300,,,,,,,,,,Summer,S,Christie Gassner Deployed and collected
965fafad-f732-4721-8493-dd67d5219b0e,78346ada-7952-46a4-b54f-08ecdde63ccd,MK 2_3,-37.980599,176.999049,,2026-02-12T09:28:00+00:00,2026-03-05T09:43:25+00:00,Gaye Payze,,,300,,,,,,,,,,Summer,,Deployed Alison. No setup images.
96890ee1-9b66-441f-add3-2bf978d960cc,43bfeaf6-a8b5-41b2-884b-763476be3ebc,MK 1_4,-37.969376,177.000965,,2025-01-31T17:03:43+00:00,2025-02-21T08:05:11+00:00,Gaye Payze,,,300,,,,180,,,,,,Summer,S,
9802ff2d-d62a-4ccb-9ec0-1e0a06cb92bd,ace80f19-800c-4846-8e9f-15908d9e3f7e,KP 1_4,-37.94456,177.013575,,2025-08-15T10:09:05+00:00,2025-09-05T09:42:22+00:00,Thomas Armstrong,,,300,,,,,,,,,,Winter,,
985ca979-ee1c-4a46-a1ad-a51a141130d5,ace80f19-800c-4846-8e9f-15908d9e3f7e,KP 1_4,-37.94456,177.013575,,2026-02-12T10:03:29+00:00,2026-03-05T09:13:24+00:00,Thomas Armstrong,,,300,,,,,,,,,,Summer,,
9922cec8-46d5-4fb6-9610-fb8d3a2200d5,ecb9b699-88fd-4147-ac3a-602231586416,OH 4_4,-37.990332,177.024976,,2026-02-11T10:25:36+00:00,2026-03-04T10:02:31+00:00,Thomas Armstrong,,,300,,,,,,,,,,Summer,,
99994b8e-524d-4b65-8220-6425ac86b874,59ccc7f7-521a-43c5-8269-b5c6db7fea31,KP 1_3,-37.945686,177.015393,,2025-08-15T10:46:03+00:00,2025-09-05T10:32:35+00:00,Thomas Armstrong,,,300,,,,,,,,,,Winter,,
9b34af58-b453-4014-bb05-7f4d30107930,e27f7e48-261a-4890-9d2b-12bbde60c42e,OH 2_4,-37.976528,177.034364,,2025-05-01T10:48:17+00:00,2025-05-22T09:55:41+00:00,Blair George,,,300,,,,,,,,,,Autumn,,
9bff4c35-eb18-46aa-9e5a-262de13bf298,f3ea63d1-daba-448f-a1bd-e3dca498255a,OH 4_3,-37.990415,177.022671,,2024-07-10T11:22:20+00:00,2024-07-31T10:17:46+00:00,Thomas Armstrong,,,300,,,,,,,,,,Winter,,
9d49fc9d-6233-43bb-914f-5ae7b7e5a828,379e46d6-1b86-4de9-9760-0eea9c0513f7,OH 3_3,-37.980803,177.022395,,2024-04-10T10:57:23+00:00,2024-05-01T13:14:34+00:00,Hilary Sheaff,,,300,,,,,,,,,,Autumn,,
9d6f7b2a-1de7-466d-98e1-bb0aeaf1d268,57ccd9bf-c3f0-45f9-8d7b-460157c366ed,MK 2_2,-37.981582,177.000893,,2026-02-12T10:28:00+00:00,2026-03-05T10:17:06+00:00,Gaye Payze,,,300,,,,,,,,,,Summer,,Alison deployed. No setup images.
9d9e55f3-d8d0-4c64-83af-08643a97d66e,e27f7e48-261a-4890-9d2b-12bbde60c42e,OH 2_4,-37.976528,177.034364,,2024-10-09T10:43:00+00:00,2024-10-30T10:18:46+00:00,Blair George,f69e8f94-1c96-44c4-a146-cb56cbb8e658,Browning-BTC-6DCL,300,,,,,,,,,,Spring,,
9db4df21-e8b1-4750-8343-bc8027384a84,1d79af89-7dbb-4174-b7ab-9ed429ceafd5,KP 2_1,-37.95635,177.01453,,2025-08-15T12:33:04+00:00,2025-09-05T11:43:51+00:00,Thomas Armstrong,,,300,,,,,,,,,,Winter,,
9dd17019-edfb-4988-8aec-129cf88fef81,57ccd9bf-c3f0-45f9-8d7b-460157c366ed,MK 2_2,-37.981582,177.000893,,2025-11-14T08:35:00+00:00,2025-12-05T08:17:38+00:00,Gaye Payze,,,300,,,,,,,,,,Spring,,Alison
9e2ba473-ed26-4ee5-acd7-c2f906f8c080,91676316-1528-468f-9ff0-a30dcd616319,OH 4_1,-37.991131,177.018063,,2024-10-09T10:10:09+00:00,2024-10-30T09:48:49+00:00,Thomas Armstrong,,,300,,,,,,,,,,Spring,,
9e636a49-330b-44d1-85d7-6ee568eccc3e,ecb9b699-88fd-4147-ac3a-602231586416,OH 4_4,-37.990332,177.024976,,2024-04-10T11:13:25+00:00,2024-05-01T10:37:38+00:00,Thomas Armstrong,,,300,,,,,,,,,,Autumn,,"No detection triggered on pickup. Assume previous detection was within 5 minutes, created placeholder pickup image accordingly"
9e658bd9-4329-4361-9cdc-fd13eb7d7337,35de4b96-3b8f-4f10-80a2-364abb400a2d,KP 3_4,-37.952023,177.005176,,2025-11-14T10:44:43+00:00,2025-12-05T09:40:36+00:00,Blair George,,,300,,,,,,,,,,Spring,,
9f0fa2f9-6f57-4bbf-8b18-e1afb73040f8,905ba210-58da-4d25-b396-3e19060a0e2a,MK 1_2,-37.971503,177.004897,,2026-02-12T11:01:33+00:00,2026-03-05T12:29:46+00:00,Gaye Payze,,,300,,,,,,,,,,Summer,,
9f1c7cde-abbf-47f5-9121-f9e17027f91f,d210cffd-6dfa-488f-bcac-e3de2318bebf,KP 1_2,-37.946838,177.017151,,2025-01-31T11:43:08+00:00,2025-02-21T09:57:25+00:00,Thomas Armstrong,,,300,,,,180,,,,,,Summer,,
9f494fb8-7773-4b4a-9a96-4cfe37906662,014a85a9-e84c-4ecf-9940-0250bb3a3095,OH 3_4,-37.980885,177.024662,,2023-10-17T12:28:25+00:00,2023-11-07T10:17:18+00:00,Hilary Sheaff,,,300,0.45,,,,0.85,,,,,Spring,,
9f5c2390-f83a-4e76-b27d-3b00f635e775,c25c0812-6839-4362-babb-bd3fa80894f7,OH 2_1,-37.981091,177.038284,,2025-08-14T09:52:52+00:00,2025-09-04T09:52:15+00:00,Blair George,4f715db4-deaf-4a50-be12-a4b5c1390385,Browning-BTC-6DCL,300,,,,,,,,,,Winter,,
9f7ca70d-4e86-4101-a87c-19280d5ef757,d210cffd-6dfa-488f-bcac-e3de2318bebf,KP 1_2,-37.946838,177.017151,,2023-11-09T10:33:47+00:00,2023-11-30T09:29:15+00:00,Blair George,,,300,,,,270,,,,,,Spring,,
9fb27111-de03-4b39-894d-be85aae68a08,26d0249d-c3cb-4a6d-ade3-89450af870b1,OH 1_2,-37.9699,177.02495,,2023-10-17T13:59:19+00:00,2023-11-07T11:58:04+00:00,Hilary Sheaff,,,300,0.50,,,180,1.00,,,,,Spring,,
9ffe84be-6082-40be-892d-13fd0b2b1420,35de4b96-3b8f-4f10-80a2-364abb400a2d,KP 3_4,-37.952023,177.005176,,2024-11-01T10:33:08+00:00,2024-11-22T09:20:23+00:00,Blair George,6e1d272d-9a0e-442a-90fe-e95a4a1f4a4c,Browning-BTC-6DCL,300,,,,,,,,,,Spring,,
a003590f-d775-455c-adfd-f859254b3f72,1d79af89-7dbb-4174-b7ab-9ed429ceafd5,KP 2_1,-37.95635,177.01453,,2023-11-09T11:40:22+00:00,2023-11-30T10:09:47+00:00,Blair George,,,300,,,,135,,,,,,Spring,,
a02a2ae7-c211-4cbf-b675-239ce4e824ad,43bfeaf6-a8b5-41b2-884b-763476be3ebc,MK 1_4,-37.969376,177.000965,,2025-11-14T09:48:05+00:00,2025-12-05T10:20:39+00:00,Gaye Payze,,,300,,,,,,,,,,Spring,,
a135a242-e01f-419d-ba17-211b4c86cf84,da0b9e74-9bb6-4185-b930-042bb992aca3,KP 2_2,-37.955212,177.012832,,2025-01-31T14:33:21+00:00,2025-02-21T11:59:37+00:00,Thomas Armstrong,,,300,,,,,,,,,,Summer,S,
a14c8235-7d74-4fc0-b1ca-ea9100de9bbf,905ba210-58da-4d25-b396-3e19060a0e2a,MK 1_2,-37.971503,177.004897,,2023-11-09T14:39:57+00:00,2023-11-30T12:40:50+00:00,Hilary Sheaff,,,300,0.20,,,225,0.90,,,,,Spring,,
a18ed7ac-b2b9-457f-9af8-ac82598e16fa,43bfeaf6-a8b5-41b2-884b-763476be3ebc,MK 1_4,-37.969376,177.000965,,2024-11-01T09:56:26+00:00,2024-11-22T08:37:27+00:00,,,,300,,,,,,,,,,Spring,,
a28d9e74-aff3-4f4f-9f08-35f5c44b68be,57ccd9bf-c3f0-45f9-8d7b-460157c366ed,MK 2_2,-37.981582,177.000893,,2024-11-01T10:50:00+00:00,2024-11-22T09:37:10+00:00,,,,300,,,,,,,,,,Spring,,
a28fcff4-97c8-4231-addf-e4bbc26a6d43,a215b773-2c07-4478-81a8-a589068e6ee3,KP 3_2,-37.955428,177.003573,,2025-11-14T10:08:53+00:00,2025-12-05T09:10:36+00:00,Blair George,,,300,,,,,,,,,,Spring,,
a3260050-8fd3-4e46-9ccb-b319113bb396,57ccd9bf-c3f0-45f9-8d7b-460157c366ed,MK 2_2,-37.981582,177.000893,,2025-08-15T10:32:22+00:00,2025-09-05T09:16:03+00:00,Gaye Payze,,,300,,,,,,,,,,Winter,,Alison
a39f708a-c7e4-481b-8dbf-7a580afaa397,5516cd98-98eb-4a0d-84f6-1d19715413ed,MK 1_3,-37.970345,177.002831,,2026-02-12T09:38:24+00:00,2026-03-05T12:43:30+00:00,Gaye Payze,,,300,,,,,,,,,,Summer,,
a49b3696-9395-4ced-91bc-c94853c7a8e5,2da84816-9255-4f55-a79e-c86b1ba93122,MK 1_1,-37.972594,177.006403,,2025-05-02T10:15:00+00:00,2025-05-23T08:47:42+00:00,Gaye Payze,,,300,,,,,,,,,,Autumn,,
a640b349-5d83-4542-ad3d-5f8658785d1f,ecb9b699-88fd-4147-ac3a-602231586416,OH 4_4,-37.990332,177.024976,,2025-05-01T11:37:03+00:00,2025-05-22T10:28:34+00:00,Thomas Armstrong,,,300,,,,,,,,,,Autumn,,
a6caecbd-f577-4606-a35c-e7411262cdf8,aac31d23-c4e7-4114-ac4c-921562eff810,KP 3_3,-37.953579,177.004296,,2024-05-03T09:26:37+00:00,2024-05-24T10:29:01+00:00,Blair George,,,300,,,,,,,,,,Autumn,,
a79f553d-61af-455e-bfed-8a0a87165c34,1fc9962b-1239-4484-991b-ce7eea04c459,OH 3_2,-37.980795,177.019702,,2024-04-10T10:16:03+00:00,2024-05-01T12:48:54+00:00,Hilary Sheaff,,,300,,,,,,,,,,Autumn,,
ac87a68d-c01a-49da-9800-d756ca273afb,7d690824-4ff9-4b14-884b-23a0f44bee73,OH 1_1,-37.971868,177.024126,,2024-10-09T09:57:39+00:00,2024-10-30T09:58:29+00:00,Hilary Sheaff,,,300,,,,,,,,,,Spring,,
aecd8933-6711-407f-a60a-7e85daee79a2,4b204aa4-5311-4e07-9431-5389b83155e6,OH 1_4,-37.966774,177.026849,,2025-08-14T13:49:28+00:00,2025-09-04T11:43:07+00:00,Gaye Payze,,,300,,,,,,,,,,Winter,,
af7b8757-a304-49a0-bd18-c147ea3b6d29,4b204aa4-5311-4e07-9431-5389b83155e6,OH 1_4,-37.966774,177.026849,,2025-11-13T11:49:19+00:00,2025-12-04T08:23:03+00:00,Gaye Payze,,,300,,,,,,,,,,Spring,,
b0f979ce-59c6-44b0-b11a-7079db28d565,1d79af89-7dbb-4174-b7ab-9ed429ceafd5,KP 2_1,-37.95635,177.01453,,2023-08-11T15:03:06+00:00,2023-09-01T13:30:29+00:00,Hilary Sheaff,,,300,0.35,,,135,0.85,,,,,Winter,,"Camera bearing 156 degrees (SSE) Conditions: dry, super full moon on 31/8/23"
b1566614-24f2-45f7-bf32-1079412a143d,62a29d0e-ea64-4820-b369-053ba7964213,OH 1_3,-37.968095,177.026276,,2025-11-13T12:27:44+00:00,2025-12-04T08:57:19+00:00,Gaye Payze,,,300,,,,,,,,,,Spring,,
b1ce6d9f-cf42-46e4-9053-4e03d007b6f4,35de4b96-3b8f-4f10-80a2-364abb400a2d,KP 3_4,-37.952023,177.005176,,2025-01-31T09:46:47+00:00,2025-02-21T13:52:17+00:00,,,,300,,,,180,,,,,,Summer,S,Christie Deployed
b1f1a708-0a54-4712-af11-81c9581c7d5d,c25c0812-6839-4362-babb-bd3fa80894f7,OH 2_1,-37.981091,177.038284,,2023-10-17T10:01:57+00:00,2023-11-07T11:04:12+00:00,Blair George,,,300,,,,,,,,,,Spring,,
b22c075a-71bd-4449-ad44-a8bb404ff214,bd0529eb-3148-4c46-8f9e-da68ffc2fd2e,MK 2_4,-37.979682,176.997475,,2024-08-02T09:43:52+00:00,2024-08-23T09:22:41+00:00,Lorena Kuchenbecker,4f715db4-deaf-4a50-be12-a4b5c1390385,Browning-BTC-6DCL,300,,,,,,,,,,Winter,,
b2455ccf-207c-4c87-916f-df8e94d4bd38,62a29d0e-ea64-4820-b369-053ba7964213,OH 1_3,-37.968095,177.026276,,2024-04-10T12:52:16+00:00,2024-05-01T11:47:03+00:00,Thomas Armstrong,,,300,,,,,,,,,,Autumn,,
b48e8d98-ea40-4ff8-968c-cb3d3bb21347,fe1cdff2-b824-4a9a-a7f3-241ea15479db,MK 2_1,-37.98268,177.002688,,2024-05-03T10:19:16+00:00,2024-05-24T12:58:20+00:00,Hilary Sheaff,,,300,,,,,,,,,,Autumn,,
b4a56173-a501-4ba9-a1dc-6fd27d084292,5516cd98-98eb-4a0d-84f6-1d19715413ed,MK 1_3,-37.970345,177.002831,,2024-11-01T09:31:43+00:00,2024-11-22T08:52:59+00:00,,,,300,,,,,,,,,,Spring,,
b4f372ac-b5a4-4b0c-996d-32bacbbb30b0,2da84816-9255-4f55-a79e-c86b1ba93122,MK 1_1,-37.972594,177.006403,,2024-11-01T10:44:37+00:00,2024-11-22T07:53:20+00:00,,,,300,,,,,,,,,,Spring,,
b5706374-934d-4753-bb65-04e25ca83ffd,57ccd9bf-c3f0-45f9-8d7b-460157c366ed,MK 2_2,-37.981582,177.000893,,2024-05-03T11:28:53+00:00,2024-05-24T11:27:55+00:00,Hilary Sheaff,,,300,,,,,,,,,,Autumn,,
b6aa1262-0965-407d-9094-742ef701749e,f3ea63d1-daba-448f-a1bd-e3dca498255a,OH 4_3,-37.990415,177.022671,,2024-04-10T10:49:38+00:00,2024-05-01T10:14:19+00:00,Thomas Armstrong,,,300,,,,,,,,,,Autumn,,
b7decc77-dee8-46c1-a223-2519aca9d096,1d79af89-7dbb-4174-b7ab-9ed429ceafd5,KP 2_1,-37.95635,177.01453,,2024-05-03T14:38:05+00:00,2024-05-24T12:16:44+00:00,Thomas Armstrong,,,300,,,,,,,,,,Autumn,,
b7ea3dd2-d14d-4d0b-8614-c5df87174cca,905ba210-58da-4d25-b396-3e19060a0e2a,MK 1_2,-37.971503,177.004897,,2024-05-03T09:41:24+00:00,2024-05-24T10:37:51+00:00,Hilary Sheaff,,,300,,,,,,,,,,Autumn,,
ba46f8fb-740b-4966-add6-ed048a2709cb,91676316-1528-468f-9ff0-a30dcd616319,OH 4_1,-37.991131,177.018063,,2026-02-11T09:59:39+00:00,2026-03-04T09:46:06+00:00,Thomas Armstrong,,,300,,,,,,,,,,Summer,,
ba895799-ccf2-489a-9fa6-cec831b8ba25,5516cd98-98eb-4a0d-84f6-1d19715413ed,MK 1_3,-37.970345,177.002831,,2023-11-09T13:19:41+00:00,2023-11-30T12:17:37+00:00,Hilary Sheaff,,,300,0.45,,40,,0.80,,,,,Spring,,
bb7d7bdd-58db-4728-95a3-690696b3b546,d210cffd-6dfa-488f-bcac-e3de2318bebf,KP 1_2,-37.946838,177.017151,,2024-02-02T10:49:43+00:00,2024-02-23T10:15:22+00:00,Thomas Armstrong,,,300,,,,,,,,,,Summer,,
bce76871-f29d-4be9-9b1d-397143a98a81,5516cd98-98eb-4a0d-84f6-1d19715413ed,MK 1_3,-37.970345,177.002831,,2024-02-02T09:24:46+00:00,2024-02-23T13:06:30+00:00,Hilary Sheaff,,,300,,,,,,,,,,Summer,,
bd4af478-7162-4c5c-aec0-4570bd9207ee,78346ada-7952-46a4-b54f-08ecdde63ccd,MK 2_3,-37.980599,176.999049,,2024-02-02T12:59:02+00:00,2024-02-23T12:29:21+00:00,Hilary Sheaff,,,300,,,,,,,,,,Summer,,
be7f32b7-3cb3-4297-96a4-3279dd02b0d4,4a1c9790-6e39-45d0-ba61-f0e06f84fadb,KP 3_1,-37.956977,177.002874,,2025-05-02T13:25:25+00:00,2025-05-23T12:35:17+00:00,Thomas Armstrong,,,300,,,,,,,,,,Autumn,,
beb23086-9f27-4f18-9110-2b541d75948e,26d0249d-c3cb-4a6d-ade3-89450af870b1,OH 1_2,-37.9699,177.02495,,2024-04-10T13:12:26+00:00,2024-05-01T12:31:24+00:00,Hilary Sheaff,,,300,,,,,,,,,,Autumn,,
c0497b70-8239-441c-a159-8e004ba242e0,2da84816-9255-4f55-a79e-c86b1ba93122,MK 1_1,-37.972594,177.006403,,2023-11-09T14:06:00+00:00,2023-11-30T12:55:59+00:00,Hilary Sheaff,,,300,0.30,,30,,0.70,,,,,Spring,,
c0f2c27a-fb51-47d8-bd65-925561779bea,e27f7e48-261a-4890-9d2b-12bbde60c42e,OH 2_4,-37.976528,177.034364,,2024-04-10T10:17:29+00:00,2024-05-01T09:53:14+00:00,Blair George,,,300,,,,,,,,,,Autumn,,
c1c442ce-43e0-4713-a1c7-3ede625f0fe5,91676316-1528-468f-9ff0-a30dcd616319,OH 4_1,-37.991131,177.018063,,2024-01-10T09:30:47+00:00,2024-01-31T09:26:27+00:00,Blair George,,,300,0.60,,,,0.90,,,,,Summer,,
c390824a-ded4-4650-b319-c44bf57e8bda,e27f7e48-261a-4890-9d2b-12bbde60c42e,OH 2_4,-37.976528,177.034364,,2026-02-11T11:47:59+00:00,2026-03-04T10:45:36+00:00,Blair George,,,300,,,,,,,,,,Summer,,
c448af8b-3c6f-43ee-8d33-2393d22e1849,995c5199-b74e-4112-9689-91763a9f3ab9,KP 2_4,-37.953001,177.009267,,2023-11-09T09:16:37+00:00,2023-11-30T10:44:39+00:00,Blair George,,,300,,,,0,,,,,,Spring,,
c5349e1e-59b4-4f3e-90ad-5a0857eb5e81,da0b9e74-9bb6-4185-b930-042bb992aca3,KP 2_2,-37.955212,177.012832,,2025-05-02T12:12:04+00:00,2025-05-23T11:28:23+00:00,Thomas Armstrong,,,300,,,,,,,,,,Autumn,,
c5d26ce7-39b1-4187-9b34-583247d3f14c,f3ea63d1-daba-448f-a1bd-e3dca498255a,OH 4_3,-37.990415,177.022671,,2025-11-13T11:00:00+00:00,2025-12-07T09:58:18+00:00,Thomas Armstrong,,,300,,,,,,,,,,Spring,,
c64170ad-876c-43b3-ab46-a2a7a7fc4d3a,ddf0ab27-7398-4793-95d6-1b8e7dd2af00,OH 4_2,-37.99086,177.020555,,2025-11-13T10:34:32+00:00,2025-12-07T09:45:13+00:00,Thomas Armstrong,,,300,,,,,,,,,,Spring,,
c76c46ac-aec1-4bb0-b7c1-afeb48f467ef,59ccc7f7-521a-43c5-8269-b5c6db7fea31,KP 1_3,-37.945686,177.015393,,2026-02-12T10:30:57+00:00,2026-03-05T09:32:18+00:00,Thomas Armstrong,,,300,,,,,,,,,,Summer,,
c921f420-7411-4bb4-bee9-34f816714fc3,379e46d6-1b86-4de9-9760-0eea9c0513f7,OH 3_3,-37.980803,177.022395,,2025-11-13T10:50:00+00:00,2025-12-04T08:20:02+00:00,Gaye Payze,,,300,,,,,,,,,,Spring,,Alison
c97d60a2-d431-4e17-bfc3-98b8904988b1,2da84816-9255-4f55-a79e-c86b1ba93122,MK 1_1,-37.972594,177.006403,,2024-05-03T10:04:52+00:00,2024-05-24T10:49:21+00:00,Hilary Sheaff,,,300,,,,,,,,,,Autumn,,
ca91c3c2-8ba2-4a65-87ad-3fd745901335,4b204aa4-5311-4e07-9431-5389b83155e6,OH 1_4,-37.966774,177.026849,,2025-01-07T09:21:00+00:00,2025-01-29T11:03:21+00:00,Gaye Payze,,,300,,,,,,,,,,Summer,S,
cb418317-d288-4a67-84ed-9f5164de37b8,379e46d6-1b86-4de9-9760-0eea9c0513f7,OH 3_3,-37.980803,177.022395,,2026-02-11T10:05:00+00:00,2026-03-04T12:58:10+00:00,Gaye Payze,,,300,,,,,,,,,,Summer,,Deployed Alison
cc8967e3-50f4-44d4-896f-2d86af46bc33,ab3c9d0b-4aa1-4ded-80c6-b495365735db,OH 2_3,-37.978033,177.035673,,2024-01-10T12:08:37+00:00,2024-01-31T09:55:23+00:00,Thomas Armstrong,,,300,0.40,,,,0.70,,,,,Summer,,
ccf2cd41-9274-4e2e-9aad-0ee2361d10eb,bd0529eb-3148-4c46-8f9e-da68ffc2fd2e,MK 2_4,-37.979682,176.997475,,2024-11-01T09:58:54+00:00,2024-11-22T09:13:14+00:00,,,,300,,,,,,,,,,Spring,,
cd4a8a96-43bd-4ae4-9103-06e891b9ff4e,1fc9962b-1239-4484-991b-ce7eea04c459,OH 3_2,-37.980795,177.019702,,2026-02-11T10:06:21+00:00,2026-03-07T12:20:36+00:00,Gaye Payze,,,300,,,,,,,,,,Summer,,Deployed Alison
cd7d0b4e-35ea-475f-b169-af38cefd85dc,4a1c9790-6e39-45d0-ba61-f0e06f84fadb,KP 3_1,-37.956977,177.002874,,2026-02-12T10:15:21+00:00,2026-03-05T12:15:00+00:00,Blair George,,,300,,,,,,,,,,Summer,,
cda947f8-7e5b-409e-9925-3a4df78aca8c,35de4b96-3b8f-4f10-80a2-364abb400a2d,KP 3_4,-37.952023,177.005176,,2025-05-02T13:17:01+00:00,2025-05-23T12:08:47+00:00,Blair George,,,300,,,,,,,,,,Autumn,,Deployed at higher height this time. Limited options at this site.
cdbdcb0d-a945-4420-9dd0-cea8ed7b8dcf,bd0529eb-3148-4c46-8f9e-da68ffc2fd2e,MK 2_4,-37.979682,176.997475,,2024-05-03T11:48:49+00:00,2024-05-24T11:14:47+00:00,Hilary Sheaff,,,300,,,,,,,,,,Autumn,,
ced3d9fb-08b0-4504-bcac-ab918461b8f4,da0b9e74-9bb6-4185-b930-042bb992aca3,KP 2_2,-37.955212,177.012832,,2026-02-12T12:21:42+00:00,2026-03-05T11:14:19+00:00,Thomas Armstrong,,,300,,,,,,,,,,Summer,,
cef940ed-7b7a-4f33-a3a8-101f5968b48c,ab3c9d0b-4aa1-4ded-80c6-b495365735db,OH 2_3,-37.978033,177.035673,,2024-04-10T10:46:38+00:00,2024-05-01T10:10:58+00:00,Blair George,,,300,,,,,,,,,,Autumn,,
cf0d67da-c72e-4335-82d4-5e515f838c5e,26d0249d-c3cb-4a6d-ade3-89450af870b1,OH 1_2,-37.9699,177.02495,,2025-11-13T13:51:14+00:00,2025-12-04T10:42:23+00:00,Gaye Payze,,,300,,,,,,,,,,Spring,,
cf7041f3-98f1-4505-b24c-7f087e120683,7d690824-4ff9-4b14-884b-23a0f44bee73,OH 1_1,-37.971868,177.024126,,2026-02-11T12:50:00+00:00,2026-03-04T12:01:02+00:00,,,,300,,,,,,,,,,Summer,,"No setup images taken. Camera date wrong, set to 8:20pm 9/Mar/2025 as at 8:23am on 11/Mar/2026. Shifted by 1 year, 36 hours and 3 mins. Actual deployment was 11 Feb 2026, 12:50pm, pickup was 4 March 2026, 12:00pm. Created placeholder setup image, re-upload."
cf9872f6-ca98-47fa-b748-38fce00a8f33,78346ada-7952-46a4-b54f-08ecdde63ccd,MK 2_3,-37.980599,176.999049,,2024-08-02T10:00:00+00:00,2024-08-23T10:01:43+00:00,Lorena Kuchenbecker,ba23f78a-7d42-4989-87ad-ba4e17b92e1e,Browning-BTC-6DCL,300,,,,,,,,,,Winter,,
d1742a25-bf14-404b-99f2-5b6e514c82be,fe1cdff2-b824-4a9a-a7f3-241ea15479db,MK 2_1,-37.98268,177.002688,,2024-08-02T12:20:20+00:00,2024-08-23T11:43:14+00:00,Lorena Kuchenbecker,64f0e7d8-9801-4e94-85e9-3fc645ed6539,Browning-BTC-6DCL,300,,,,,,,,,,Winter,,
d1ad30a5-e154-4d28-8c55-565ffa2f09eb,014a85a9-e84c-4ecf-9940-0250bb3a3095,OH 3_4,-37.980885,177.024662,,2024-07-10T11:30:00+00:00,2024-07-31T11:15:00+00:00,Hilary Sheaff,,,300,,,,,,,,,,Winter,,Rob
d1b30b41-b05c-4203-92c5-cf211f54e5d7,4a1c9790-6e39-45d0-ba61-f0e06f84fadb,KP 3_1,-37.956977,177.002874,,2025-08-15T10:20:34+00:00,2025-09-05T11:37:23+00:00,Blair George,0785165b-b13c-4a1e-beb9-67f379dfd910,Browning-BTC-6DCL,300,,,,,,,,,,Winter,,
d1f7ae4d-de64-44a2-9d65-f2b07bd03049,ab3c9d0b-4aa1-4ded-80c6-b495365735db,OH 2_3,-37.978033,177.035673,,2025-05-01T11:10:15+00:00,2025-05-22T10:10:20+00:00,Blair George,,,300,,,,,,,,,,Autumn,,Needs new cage
d31b6fc2-2716-4043-a759-9cf85764e02d,aac31d23-c4e7-4114-ac4c-921562eff810,KP 3_3,-37.953579,177.004296,,2023-11-09T13:10:40+00:00,2023-11-30T10:59:46+00:00,Blair George,,,300,,,,225,,,,,,Spring,,
d379dffc-29ea-4fdf-a2f0-1ffee90d2ceb,ecb9b699-88fd-4147-ac3a-602231586416,OH 4_4,-37.990332,177.024976,,2023-10-17T12:48:00+00:00,2023-11-07T10:29:33+00:00,Thomas Armstrong,,,300,,,,,,,,,,Spring,,
d465223f-c7c1-48e1-bf46-aa96a8d8b1c2,ab3c9d0b-4aa1-4ded-80c6-b495365735db,OH 2_3,-37.978033,177.035673,,2026-02-11T11:25:32+00:00,2026-03-04T10:29:21+00:00,Blair George,,,300,,,,,,,,,,Summer,,
d51a7941-2952-4790-a6a3-af39833e6cf6,aac31d23-c4e7-4114-ac4c-921562eff810,KP 3_3,-37.953579,177.004296,,2024-02-02T09:45:19+00:00,2024-02-23T12:49:36+00:00,Blair George,,,300,,,,,,,,,,Summer,,
d6765482-676b-443e-be85-2750cb9c594d,da0b9e74-9bb6-4185-b930-042bb992aca3,KP 2_2,-37.955212,177.012832,,2024-05-03T15:08:19+00:00,2024-05-24T12:38:09+00:00,Thomas Armstrong,,,300,,,,,,,,,,Autumn,,
d7e76f16-d178-4307-918c-3607c9afda02,78346ada-7952-46a4-b54f-08ecdde63ccd,MK 2_3,-37.980599,176.999049,,2025-11-14T07:40:00+00:00,2025-12-05T07:36:45+00:00,Gaye Payze,,,300,,,,,,,,,,Spring,,Alison
d989ffab-5940-4074-b148-282a3ca46d78,379e46d6-1b86-4de9-9760-0eea9c0513f7,OH 3_3,-37.980803,177.022395,,2025-05-01T11:12:00+00:00,2025-05-22T11:08:53+00:00,Gaye Payze,,,300,,,,,,,,,,Autumn,,"Deployed Alison, retrieved Christie G"
da290e47-3cf6-47a3-a20f-bb95ad4e0da8,d210cffd-6dfa-488f-bcac-e3de2318bebf,KP 1_2,-37.946838,177.017151,,2025-11-14T11:01:11+00:00,2025-12-05T10:40:47+00:00,Thomas Armstrong,,,300,,,,,,,,,,Spring,,
da2c9105-3a47-4b04-b436-4a011d167d74,a215b773-2c07-4478-81a8-a589068e6ee3,KP 3_2,-37.955428,177.003573,,2024-11-01T10:02:25+00:00,2024-11-22T08:56:38+00:00,Blair George,,,300,,,,,,,,,,Spring,,
da494364-7960-47ff-bfbf-e637a4be44d0,5516cd98-98eb-4a0d-84f6-1d19715413ed,MK 1_3,-37.970345,177.002831,,2025-01-31T12:51:59+00:00,2025-02-21T08:33:24+00:00,Gaye Payze,,,300,,,,180,,,,,,Summer,S,
db27ddc3-5b83-40f4-8695-2b09e9d557bd,1fc9962b-1239-4484-991b-ce7eea04c459,OH 3_2,-37.980795,177.019702,,2025-08-14T10:28:46+00:00,2025-09-04T09:01:19+00:00,Gaye Payze,,,300,,,,,,,,,,Winter,,Alison
db333cf6-4cab-420b-8379-c8c628ac5a06,c3a4d1bc-7314-457d-a30c-6aac2c54dae7,KP 2_3,-37.954119,177.011066,,2025-05-02T12:26:45+00:00,2025-05-23T11:42:37+00:00,Thomas Armstrong,,,300,,,,,,,,,,Autumn,,
db5f0eea-dbd4-4a11-8a64-3c67e377a6a2,2da84816-9255-4f55-a79e-c86b1ba93122,MK 1_1,-37.972594,177.006403,,2024-08-02T09:23:32+00:00,2024-08-23T13:38:00+00:00,Thomas Armstrong,eb6b77f1-93b6-402e-a12a-4ae9e8e3f513,Browning-BTC-6DCL,300,,,,,,,,,,Winter,,
dc2cb432-bc55-4748-b529-3b0d81e524a5,35de4b96-3b8f-4f10-80a2-364abb400a2d,KP 3_4,-37.952023,177.005176,,2025-08-15T10:38:11+00:00,2025-09-05T11:54:16+00:00,Blair George,,,300,,,,,,,,,,Winter,,
dc8b204a-62ab-468a-81d8-df5cdf095eaf,995c5199-b74e-4112-9689-91763a9f3ab9,KP 2_4,-37.953001,177.009267,,2026-02-12T09:39:00+00:00,2026-03-05T08:48:29+00:00,Thomas Armstrong,,,300,,,,,,,,,,Summer,,
dcd5dbab-06a6-43cf-8122-4961176c8b05,a215b773-2c07-4478-81a8-a589068e6ee3,KP 3_2,-37.955428,177.003573,,2023-08-11T13:16:06+00:00,2023-09-01T11:51:15+00:00,Blair George,,,300,0.60,,,225,0.85,,,,,Winter,,"Camera bearing 218 degrees (SW) Conditions: dry, super full moon on 31/8/23"
dd1a81d4-a508-40d9-9d52-dbec37589891,f3ea63d1-daba-448f-a1bd-e3dca498255a,OH 4_3,-37.990415,177.022671,,2024-01-10T10:10:26+00:00,2024-01-31T10:15:26+00:00,Blair George,,,300,0.40,,,,0.70,,,,,Summer,,Not well centered vertically
ddcede14-b33a-49c3-aee8-c6df173ed21f,833f6af4-2167-4d68-8f74-b21082ef993c,KP 1_1,-37.947987,177.018887,,2025-05-02T11:02:59+00:00,2025-05-23T10:20:40+00:00,Thomas Armstrong,,,300,,,,,,,,,,Autumn,,
dfe1298a-fa1c-453a-8a6b-ee35f7d6294c,1fc9962b-1239-4484-991b-ce7eea04c459,OH 3_2,-37.980795,177.019702,,2024-07-10T10:30:00+00:00,2024-07-31T10:07:48+00:00,Hilary Sheaff,,,300,,,,,,,,,,Winter,,
e0159558-6e3c-4ffa-a849-969635e48dcd,1d79af89-7dbb-4174-b7ab-9ed429ceafd5,KP 2_1,-37.95635,177.01453,,2024-11-01T12:23:31+00:00,2024-11-22T11:07:58+00:00,Thomas Armstrong,05ab99d7-9d97-47fe-ad0d-7de875c1ece2,Browning-BTC-6DCL,300,,,,,,,,,,Spring,,
e0b8e75a-15c1-48ea-810c-169fd52ea740,e27f7e48-261a-4890-9d2b-12bbde60c42e,OH 2_4,-37.976528,177.034364,,2025-01-08T11:45:30+00:00,2025-01-29T10:30:13+00:00,,,,300,,,,,,,,,,Summer,S,Christie Deployed and Collected
e0cb4def-f00c-4316-add9-f3a4a744daed,59ccc7f7-521a-43c5-8269-b5c6db7fea31,KP 1_3,-37.945686,177.015393,,2024-05-03T12:24:42+00:00,2024-05-24T10:27:43+00:00,Thomas Armstrong,,,300,,,,,,,,,,Autumn,,
e0f2ae50-792b-4622-9b3b-31c4fff22a37,57ccd9bf-c3f0-45f9-8d7b-460157c366ed,MK 2_2,-37.981582,177.000893,,2025-01-31T10:42:06+00:00,2025-02-21T09:23:02+00:00,,,,300,,,,180,,,,,,Summer,S,Alison Fear
e21073b2-3a10-431b-8125-b196caf36f85,26d0249d-c3cb-4a6d-ade3-89450af870b1,OH 1_2,-37.9699,177.02495,,2026-02-11T13:44:02+00:00,2026-03-04T11:21:12+00:00,Gaye Payze,,,300,,,,,,,,,,Summer,,
e29c1b18-65c2-41a4-8cbd-260463a3285e,57ccd9bf-c3f0-45f9-8d7b-460157c366ed,MK 2_2,-37.981582,177.000893,,2025-05-02T10:56:13+00:00,2025-05-23T10:04:39+00:00,Blair George,,,300,,,,,,,,,,Autumn,,"Bait largely untouched, some mould"
e3a9a984-978a-456e-a78c-fa9e286c6fdb,57ccd9bf-c3f0-45f9-8d7b-460157c366ed,MK 2_2,-37.981582,177.000893,,2023-11-09T10:44:58+00:00,2023-11-30T09:44:49+00:00,Hilary Sheaff,,,300,0.50,,40,135,0.75,,,,,Spring,,
e5293077-37a0-47d8-ac9d-0dcb89c9575f,c25c0812-6839-4362-babb-bd3fa80894f7,OH 2_1,-37.981091,177.038284,,2024-04-10T11:53:09+00:00,2024-05-01T10:49:37+00:00,Thomas Armstrong,,,300,,,,,,,,,,Autumn,,"No setup image on deployment, but checking timestamp vs SMS from Tom, it was only 10 minutes before first detection so no custom setup image necessary"
e6b4ece8-3739-4b96-bd4e-2fce9db7d502,d210cffd-6dfa-488f-bcac-e3de2318bebf,KP 1_2,-37.946838,177.017151,,2024-08-02T10:53:10+00:00,2024-08-23T10:24:11+00:00,Thomas Armstrong,23ea8c83-f32c-4d87-a08f-9d727fc44eb6,Browning-BTC-5PXD,300,,,,,,,,,,Winter,,
e8683d24-489e-442f-b318-376a3897be27,aac31d23-c4e7-4114-ac4c-921562eff810,KP 3_3,-37.953579,177.004296,,2024-11-01T09:45:37+00:00,2024-11-22T08:44:40+00:00,Blair George,,,300,,,,,,,,,,Spring,,
e9493a53-5f5c-4aa7-b335-078527b69dcd,c25c0812-6839-4362-babb-bd3fa80894f7,OH 2_1,-37.981091,177.038284,,2025-01-08T09:54:25+00:00,2025-01-29T11:14:11+00:00,,,,300,,,,,,,,,,Summer,S,Deployed and Picked up by Christie Gassner
e9ebd4de-4ee0-4ed1-845d-79ae2bffbdee,ace80f19-800c-4846-8e9f-15908d9e3f7e,KP 1_4,-37.94456,177.013575,,2023-08-11T09:59:06+00:00,2023-09-01T09:46:04+00:00,Blair George,,,300,0.60,,,180,0.85,,,,,Winter,,"Camera bearing 176 degrees (S) Conditions: dry, super full moon on 31/8/23"
ea7b59ef-989a-4dec-9158-6729a921a475,014a85a9-e84c-4ecf-9940-0250bb3a3095,OH 3_4,-37.980885,177.024662,,2024-01-10T11:30:00+00:00,2024-01-31T10:30:00+00:00,Hilary Sheaff,,,300,,,,,,,,,,Summer,,
eb3ec895-d500-4f2c-8585-e9b75d097363,1fc9962b-1239-4484-991b-ce7eea04c459,OH 3_2,-37.980795,177.019702,,2023-10-17T11:12:16+00:00,2023-11-07T09:13:36+00:00,Hilary Sheaff,,,300,0.50,,,,0.70,,,,,Spring,,
ebb6942a-9a99-45c3-9f2f-bd47476d7379,26d0249d-c3cb-4a6d-ade3-89450af870b1,OH 1_2,-37.9699,177.02495,,2024-10-09T10:21:57+00:00,2024-10-30T09:36:56+00:00,Hilary Sheaff,9f7394c6-7ad9-430e-ac5d-adc63395e427,Browning-BTC-5PXD,300,,,,,,,,,,Spring,,
eef40ff0-c72c-4570-89e2-47639b9ada36,833f6af4-2167-4d68-8f74-b21082ef993c,KP 1_1,-37.947987,177.018887,,2024-11-01T11:23:15+00:00,2024-11-22T10:10:53+00:00,Thomas Armstrong,ba23f78a-7d42-4989-87ad-ba4e17b92e1e,Browning-BTC-6DCL,300,,,,,,,,,,Spring,,
ef34c665-bd8c-49fa-b102-7d104ba0c7b4,fe1cdff2-b824-4a9a-a7f3-241ea15479db,MK 2_1,-37.98268,177.002688,,2025-11-14T09:20:00+00:00,2025-12-05T09:00:57+00:00,Gaye Payze,,,300,,,,,,,,,,Spring,,Alison
f1223182-a319-4b6e-9856-a71014b6a7ee,57ccd9bf-c3f0-45f9-8d7b-460157c366ed,MK 2_2,-37.981582,177.000893,,2024-08-02T11:23:41+00:00,2024-08-23T10:42:10+00:00,Lorena Kuchenbecker,a44f922f-e353-4fe1-aaa4-c4ebe2bc549a,Browning-BTC-6DCL,300,,,,,,,,,,Winter,,
f12bb011-8388-4d02-9938-7847f6d3469a,1fc9962b-1239-4484-991b-ce7eea04c459,OH 3_2,-37.980795,177.019702,,2025-11-13T10:10:00+00:00,2025-12-04T07:51:31+00:00,Gaye Payze,,,300,,,,,,,,,,Spring,,Alison
f1dfd7e6-5d15-4ab4-b2bc-508d999c6ac7,62a29d0e-ea64-4820-b369-053ba7964213,OH 1_3,-37.968095,177.026276,,2024-01-10T14:08:01+00:00,2024-01-31T12:06:33+00:00,,,,300,0.40,,,,0.80,,,,,Summer,,
f1eccd50-9c41-4de4-9e68-50ac5177f3fd,2da84816-9255-4f55-a79e-c86b1ba93122,MK 1_1,-37.972594,177.006403,,2025-08-15T09:36:50+00:00,2025-09-05T08:30:00+00:00,Gaye Payze,,,300,,,,,,,,,,Winter,,
f2897750-0f49-437a-9c05-197a707172d3,4a1c9790-6e39-45d0-ba61-f0e06f84fadb,KP 3_1,-37.956977,177.002874,,2025-01-31T11:30:06+00:00,2025-02-21T13:17:22+00:00,,,,300,,,,180,,,,,,Summer,,christie deployed
f2b87874-f9cb-4276-a9b0-cf5e9bf77a37,43bfeaf6-a8b5-41b2-884b-763476be3ebc,MK 1_4,-37.969376,177.000965,,2025-05-02T11:30:00+00:00,2025-05-23T09:48:08+00:00,Gaye Payze,,,300,,,,,,,,,,Autumn,,"Camera date/time was out of whack, had to time-shift all images per Gaye advice on camera pickup time"
f4700bd8-1663-44b2-a63e-f090e3b104a1,ecb9b699-88fd-4147-ac3a-602231586416,OH 4_4,-37.990332,177.024976,,2024-01-10T10:27:51+00:00,2024-01-31T10:37:41+00:00,Thomas Armstrong,,,300,0.40,,,,0.80,,,,,Summer,,
f5434ef4-a736-445e-842a-0ebb287d5bb6,59ccc7f7-521a-43c5-8269-b5c6db7fea31,KP 1_3,-37.945686,177.015393,,2024-02-02T10:22:57+00:00,2024-02-23T09:56:51+00:00,Thomas Armstrong,,,300,,,,,,,,,,Summer,,
f5f1ed73-139b-410d-9d1e-6cd110526bcc,995c5199-b74e-4112-9689-91763a9f3ab9,KP 2_4,-37.953001,177.009267,,2025-08-15T09:38:14+00:00,2025-09-05T09:20:04+00:00,Thomas Armstrong,,,300,,,,,,,,,,Winter,,
f5f9f773-6419-4b8d-aee0-cc03f816262c,014a85a9-e84c-4ecf-9940-0250bb3a3095,OH 3_4,-37.980885,177.024662,,2025-05-01T11:53:00+00:00,2025-05-22T12:00:19+00:00,Blair George,,,300,,,,,,,,,,Autumn,,"Deployed Alison, Pickup Christie G"
f647796f-3d32-41f6-8541-c2ba5b882957,ab3c9d0b-4aa1-4ded-80c6-b495365735db,OH 2_3,-37.978033,177.035673,,2023-10-17T10:45:21+00:00,2023-11-07T10:29:15+00:00,Blair George,,,300,,,,,,,,,,Spring,,
f741a7f6-ca8e-467f-85e9-f7f925502169,4b204aa4-5311-4e07-9431-5389b83155e6,OH 1_4,-37.966774,177.026849,,2024-10-09T11:30:00+00:00,2024-10-30T10:45:02+00:00,Hilary Sheaff,23ea8c83-f32c-4d87-a08f-9d727fc44eb6,Browning-BTC-5PXD,300,,,,,,,,,,Spring,,
f7475cc3-f106-4fac-9481-062095c0d70d,1fc9962b-1239-4484-991b-ce7eea04c459,OH 3_2,-37.980795,177.019702,,2024-01-10T10:20:00+00:00,2024-01-31T09:19:55+00:00,Hilary Sheaff,,,300,,,,,,,,,,Summer,,Custom EXIF image added to record correct start/end date
f75e3294-372e-45ff-8dd1-0b012603f46c,59ccc7f7-521a-43c5-8269-b5c6db7fea31,KP 1_3,-37.945686,177.015393,,2023-11-09T10:09:03+00:00,2023-11-30T09:49:26+00:00,Blair George,,,300,,,,225,,,,,,Spring,,
fa98c97b-1de5-483c-9d27-43d4991966fa,c3a4d1bc-7314-457d-a30c-6aac2c54dae7,KP 2_3,-37.954119,177.011066,,2025-01-31T14:45:35+00:00,2025-02-21T12:13:33+00:00,Thomas Armstrong,,,300,,,,180,,,,,,Summer,,null
fcabf1ca-cf11-4014-95bd-beff64a7b13c,c3a4d1bc-7314-457d-a30c-6aac2c54dae7,KP 2_3,-37.954119,177.011066,,2025-08-15T13:23:05+00:00,2025-09-05T12:18:24+00:00,Thomas Armstrong,,,300,,,,,,,,,,Winter,,
fd16718a-190b-403b-bf76-d0cc5d95a449,f3ea63d1-daba-448f-a1bd-e3dca498255a,OH 4_3,-37.990415,177.022671,,2026-02-11T10:45:41+00:00,2026-03-04T10:16:36+00:00,Thomas Armstrong,,,300,,,,,,,,,,Summer,,
fea62be4-b103-45d5-892d-dc07cae416c6,aac31d23-c4e7-4114-ac4c-921562eff810,KP 3_3,-37.953579,177.004296,,2025-11-14T09:45:03+00:00,2025-12-05T08:58:07+00:00,Blair George,,,300,,,,,,,,,,Spring,,
